role,profile,method,candidate_index,angle_rad,target_relative_kcal_mol,prior_relative_kcal_mol,posterior_relative_kcal_mol,selected,selected_order
median_learned_profile_mae,01080ea01c465457968bcb0c12a4152b,learned_active,0,-2.8797932,0.90625,0.8654524683952332,0.9283484167391514,False,0
median_learned_profile_mae,01080ea01c465457968bcb0c12a4152b,learned_active,1,-2.6179938,3.5625,3.3780594766139984,3.5625,True,6
median_learned_profile_mae,01080ea01c465457968bcb0c12a4152b,learned_active,2,-2.3561945,7.9375,7.706949718296528,7.81030326970628,False,0
median_learned_profile_mae,01080ea01c465457968bcb0c12a4152b,learned_active,3,-2.0943952,13.96875,13.900480300188065,13.748754728185151,False,0
median_learned_profile_mae,01080ea01c465457968bcb0c12a4152b,learned_active,4,-1.8325957,21.53125,22.26493027806282,21.797811776607887,False,0
median_learned_profile_mae,01080ea01c465457968bcb0c12a4152b,learned_active,5,-1.5707964,32.9375,33.64711180329323,32.9375,True,3
median_learned_profile_mae,01080ea01c465457968bcb0c12a4152b,learned_active,6,-1.3089969,23.34375,23.852435439825058,23.052058934408606,False,0
median_learned_profile_mae,01080ea01c465457968bcb0c12a4152b,learned_active,7,-1.0471976,15.0,15.00977093540132,14.246428211485885,False,0
median_learned_profile_mae,01080ea01c465457968bcb0c12a4152b,learned_active,8,-0.7853982,8.34375,8.33827194571495,7.687273735415646,False,0
median_learned_profile_mae,01080ea01c465457968bcb0c12a4152b,learned_active,9,-0.5235988,3.65625,3.715630292892456,3.223598042699388,False,0
median_learned_profile_mae,01080ea01c465457968bcb0c12a4152b,learned_active,10,-0.2617994,0.90625,1.005790948867796,0.7317655874605968,False,0
median_learned_profile_mae,01080ea01c465457968bcb0c12a4152b,learned_active,11,-5.702841e-10,0.0,0.0,0.0,True,1
median_learned_profile_mae,01080ea01c465457968bcb0c12a4152b,learned_active,12,0.2617994,0.90625,0.782921314239502,1.0420215564848867,False,0
median_learned_profile_mae,01080ea01c465457968bcb0c12a4152b,learned_active,13,0.5235988,3.65625,3.301023393869401,3.65625,True,5
median_learned_profile_mae,01080ea01c465457968bcb0c12a4152b,learned_active,14,0.7853982,8.34375,7.8523639515042305,8.025409212131276,False,0
median_learned_profile_mae,01080ea01c465457968bcb0c12a4152b,learned_active,15,1.0471976,15.0,14.839696794748306,14.599736631697393,False,0
median_learned_profile_mae,01080ea01c465457968bcb0c12a4152b,learned_active,16,1.3089969,23.34375,23.997833877801895,23.28100260061575,False,0
median_learned_profile_mae,01080ea01c465457968bcb0c12a4152b,learned_active,17,1.5707964,32.9375,34.00313821434975,32.9375,True,2
median_learned_profile_mae,01080ea01c465457968bcb0c12a4152b,learned_active,18,1.8325957,21.53125,23.564630061388016,22.3899398278694,False,0
median_learned_profile_mae,01080ea01c465457968bcb0c12a4152b,learned_active,19,2.0943952,13.9375,14.912502840161324,13.825906514713374,False,0
median_learned_profile_mae,01080ea01c465457968bcb0c12a4152b,learned_active,20,2.3561945,7.9375,8.509647037833929,7.614009542733346,False,0
median_learned_profile_mae,01080ea01c465457968bcb0c12a4152b,learned_active,21,2.6179938,3.5625,3.9518502056598663,3.2772421032949772,False,0
median_learned_profile_mae,01080ea01c465457968bcb0c12a4152b,learned_active,22,2.8797932,0.90625,1.1945220977067947,0.758625885433295,False,0
median_learned_profile_mae,01080ea01c465457968bcb0c12a4152b,learned_active,23,3.1415927,0.0,0.17744135856628418,0.0,True,4
median_learned_profile_mae,01080ea01c465457968bcb0c12a4152b,zero_shot_active,0,-2.8797932,0.90625,0.6875,0.7587895305886949,False,0
median_learned_profile_mae,01080ea01c465457968bcb0c12a4152b,zero_shot_active,1,-2.6179938,3.5625,3.0625,3.5625,True,6
median_learned_profile_mae,01080ea01c465457968bcb0c12a4152b,zero_shot_active,2,-2.3561945,7.9375,7.1875,8.423432207468935,False,0
median_learned_profile_mae,01080ea01c465457968bcb0c12a4152b,zero_shot_active,3,-2.0943952,13.96875,13.15625,15.25930047696272,False,0
median_learned_profile_mae,01080ea01c465457968bcb0c12a4152b,zero_shot_active,4,-1.8325957,21.53125,20.78125,23.61889537530327,False,0
median_learned_profile_mae,01080ea01c465457968bcb0c12a4152b,zero_shot_active,5,-1.5707964,32.9375,29.75,32.9375,True,4
median_learned_profile_mae,01080ea01c465457968bcb0c12a4152b,zero_shot_active,6,-1.3089969,23.34375,22.46875,25.480724847451615,False,0
median_learned_profile_mae,01080ea01c465457968bcb0c12a4152b,zero_shot_active,7,-1.0471976,15.0,14.5625,16.98287936779761,False,0
median_learned_profile_mae,01080ea01c465457968bcb0c12a4152b,zero_shot_active,8,-0.7853982,8.34375,8.125,9.749311814137805,False,0
median_learned_profile_mae,01080ea01c465457968bcb0c12a4152b,zero_shot_active,9,-0.5235988,3.65625,3.625,4.478065181818777,False,0
median_learned_profile_mae,01080ea01c465457968bcb0c12a4152b,zero_shot_active,10,-0.2617994,0.90625,0.96875,1.2456140016828154,False,0
median_learned_profile_mae,01080ea01c465457968bcb0c12a4152b,zero_shot_active,11,-5.702841e-10,0.0,0.0,0.0,True,1
median_learned_profile_mae,01080ea01c465457968bcb0c12a4152b,zero_shot_active,12,0.2617994,0.90625,0.71875,0.7993805271270737,False,0
median_learned_profile_mae,01080ea01c465457968bcb0c12a4152b,zero_shot_active,13,0.5235988,3.65625,3.15625,3.65625,True,5
median_learned_profile_mae,01080ea01c465457968bcb0c12a4152b,zero_shot_active,14,0.7853982,8.34375,7.53125,8.710300728552864,False,0
median_learned_profile_mae,01080ea01c465457968bcb0c12a4152b,zero_shot_active,15,1.0471976,15.0,14.03125,15.98047296388734,False,0
median_learned_profile_mae,01080ea01c465457968bcb0c12a4152b,zero_shot_active,16,1.3089969,23.34375,22.15625,24.73995457536717,False,0
median_learned_profile_mae,01080ea01c465457968bcb0c12a4152b,zero_shot_active,17,1.5707964,32.9375,30.0625,32.9375,True,2
median_learned_profile_mae,01080ea01c465457968bcb0c12a4152b,zero_shot_active,18,1.8325957,21.53125,22.0625,24.772593297170534,False,0
median_learned_profile_mae,01080ea01c465457968bcb0c12a4152b,zero_shot_active,19,2.0943952,13.9375,14.34375,16.529953268374214,False,0
median_learned_profile_mae,01080ea01c465457968bcb0c12a4152b,zero_shot_active,20,2.3561945,7.9375,8.125,9.608640377097236,False,0
median_learned_profile_mae,01080ea01c465457968bcb0c12a4152b,zero_shot_active,21,2.6179938,3.5625,3.6875,4.483033941461101,False,0
median_learned_profile_mae,01080ea01c465457968bcb0c12a4152b,zero_shot_active,22,2.8797932,0.90625,1.0,1.2673071516511616,False,0
median_learned_profile_mae,01080ea01c465457968bcb0c12a4152b,zero_shot_active,23,3.1415927,0.0,0.0,0.0,True,3
median_learned_profile_mae,01080ea01c465457968bcb0c12a4152b,learned_equal,0,-2.8797932,0.90625,0.8654524683952332,0.6782918918339238,False,0
median_learned_profile_mae,01080ea01c465457968bcb0c12a4152b,learned_equal,1,-2.6179938,3.5625,3.3780594766139984,3.0702747037549765,False,0
median_learned_profile_mae,01080ea01c465457968bcb0c12a4152b,learned_equal,2,-2.3561945,7.9375,7.706949718296528,7.20539680975711,False,0
median_learned_profile_mae,01080ea01c465457968bcb0c12a4152b,learned_equal,3,-2.0943952,13.96875,13.900480300188065,13.203799734655206,False,0
median_learned_profile_mae,01080ea01c465457968bcb0c12a4152b,learned_equal,4,-1.8325957,21.53125,22.26493027806282,21.472931285488748,False,0
median_learned_profile_mae,01080ea01c465457968bcb0c12a4152b,learned_equal,5,-1.5707964,32.9375,33.64711180329323,32.9375,True,4
median_learned_profile_mae,01080ea01c465457968bcb0c12a4152b,learned_equal,6,-1.3089969,23.34375,23.852435439825058,23.399650401110982,False,0
median_learned_profile_mae,01080ea01c465457968bcb0c12a4152b,learned_equal,7,-1.0471976,15.0,15.00977093540132,14.846692701478634,False,0
median_learned_profile_mae,01080ea01c465457968bcb0c12a4152b,learned_equal,8,-0.7853982,8.34375,8.33827194571495,8.34375,True,6
median_learned_profile_mae,01080ea01c465457968bcb0c12a4152b,learned_equal,9,-0.5235988,3.65625,3.715630292892456,3.710259208109698,False,0
median_learned_profile_mae,01080ea01c465457968bcb0c12a4152b,learned_equal,10,-0.2617994,0.90625,1.005790948867796,0.941209342652968,False,0
median_learned_profile_mae,01080ea01c465457968bcb0c12a4152b,learned_equal,11,-5.702841e-10,0.0,0.0,0.0,True,1
median_learned_profile_mae,01080ea01c465457968bcb0c12a4152b,learned_equal,12,0.2617994,0.90625,0.782921314239502,1.0314558844840462,False,0
median_learned_profile_mae,01080ea01c465457968bcb0c12a4152b,learned_equal,13,0.5235988,3.65625,3.301023393869401,3.797773509888045,False,0
median_learned_profile_mae,01080ea01c465457968bcb0c12a4152b,learned_equal,14,0.7853982,8.34375,7.8523639515042305,8.34375,True,5
median_learned_profile_mae,01080ea01c465457968bcb0c12a4152b,learned_equal,15,1.0471976,15.0,14.839696794748306,14.935026970394286,False,0
median_learned_profile_mae,01080ea01c465457968bcb0c12a4152b,learned_equal,16,1.3089969,23.34375,23.997833877801895,23.475460599838698,False,0
median_learned_profile_mae,01080ea01c465457968bcb0c12a4152b,learned_equal,17,1.5707964,32.9375,34.00313821434975,32.9375,True,3
median_learned_profile_mae,01080ea01c465457968bcb0c12a4152b,learned_equal,18,1.8325957,21.53125,23.564630061388016,22.280555197256145,False,0
median_learned_profile_mae,01080ea01c465457968bcb0c12a4152b,learned_equal,19,2.0943952,13.9375,14.912502840161324,13.73878325188111,False,0
median_learned_profile_mae,01080ea01c465457968bcb0c12a4152b,learned_equal,20,2.3561945,7.9375,8.509647037833929,7.639844534637555,False,0
median_learned_profile_mae,01080ea01c465457968bcb0c12a4152b,learned_equal,21,2.6179938,3.5625,3.9518502056598663,3.4107391111893,False,0
median_learned_profile_mae,01080ea01c465457968bcb0c12a4152b,learned_equal,22,2.8797932,0.90625,1.1945220977067947,0.8979901115566022,False,0
median_learned_profile_mae,01080ea01c465457968bcb0c12a4152b,learned_equal,23,3.1415927,0.0,0.17744135856628418,0.0,True,2
p95_learned_profile_mae,011e40058b2151c3a2a6085124734b95,learned_active,0,-2.8797932,4.9375,5.123473435640335,5.3388233386096475,True,6
p95_learned_profile_mae,011e40058b2151c3a2a6085124734b95,learned_active,1,-2.6179938,1.6875,0.09173105657100677,1.2912959627243237,False,0
p95_learned_profile_mae,011e40058b2151c3a2a6085124734b95,learned_active,2,-2.3561945,1.6875,0.0,2.0888233386096475,True,1
p95_learned_profile_mae,011e40058b2151c3a2a6085124734b95,learned_active,3,-2.0943952,2.03125,1.224176357500255,3.7098924020887285,False,0
p95_learned_profile_mae,011e40058b2151c3a2a6085124734b95,learned_active,4,-1.8325957,2.34375,2.130511164665222,4.477159253710954,False,0
p95_learned_profile_mae,011e40058b2151c3a2a6085124734b95,learned_active,5,-1.5707964,2.40625,2.54724982380867,4.401545673199439,False,0
p95_learned_profile_mae,011e40058b2151c3a2a6085124734b95,learned_active,6,-1.3089969,2.15625,2.378688804805279,3.6379472127905492,False,0
p95_learned_profile_mae,011e40058b2151c3a2a6085124734b95,learned_active,7,-1.0471976,1.65625,1.7917151153087616,2.4940761014908746,False,0
p95_learned_profile_mae,011e40058b2151c3a2a6085124734b95,learned_active,8,-0.7853982,1.125,1.3141236156225204,1.5263233386096475,True,5
p95_learned_profile_mae,011e40058b2151c3a2a6085124734b95,learned_active,9,-0.5235988,1.1875,1.5920833051204681,1.3913034982682975,False,0
p95_learned_profile_mae,011e40058b2151c3a2a6085124734b95,learned_active,10,-0.2617994,2.1875,2.8261195719242096,2.374593071092903,False,0
p95_learned_profile_mae,011e40058b2151c3a2a6085124734b95,learned_active,11,5.743189e-09,4.0625,4.737046867609024,4.338175130028201,False,0
p95_learned_profile_mae,011e40058b2151c3a2a6085124734b95,learned_active,12,0.2617994,6.40625,6.7800998985767365,6.8075733386096475,True,4
p95_learned_profile_mae,011e40058b2151c3a2a6085124734b95,learned_active,13,0.5235988,1.9375,0.8165355920791626,1.541247957946729,False,0
p95_learned_profile_mae,011e40058b2151c3a2a6085124734b95,learned_active,14,0.7853982,1.40625,0.42757004499435447,1.8075733386096475,True,2
p95_learned_profile_mae,011e40058b2151c3a2a6085124734b95,learned_active,15,1.0471976,1.25,1.1654368788003922,2.862255654848158,False,0
p95_learned_profile_mae,011e40058b2151c3a2a6085124734b95,learned_active,16,1.3089969,1.34375,1.6492598801851273,3.279533441874665,False,0
p95_learned_profile_mae,011e40058b2151c3a2a6085124734b95,learned_active,17,1.5707964,1.28125,1.7843133211135864,3.08311746191025,False,0
p95_learned_profile_mae,011e40058b2151c3a2a6085124734b95,learned_active,18,1.8325957,1.0,1.6313056945800781,2.499993120676741,False,0
p95_learned_profile_mae,011e40058b2151c3a2a6085124734b95,learned_active,19,2.0943952,0.625,1.0515352487564087,1.4787334736983895,False,0
p95_learned_profile_mae,011e40058b2151c3a2a6085124734b95,learned_active,20,2.3561945,0.125,0.5343499779701233,0.5263233386096475,True,3
p95_learned_profile_mae,011e40058b2151c3a2a6085124734b95,learned_active,21,2.6179938,0.0,0.40094801783561707,0.0,False,0
p95_learned_profile_mae,011e40058b2151c3a2a6085124734b95,learned_active,22,2.8797932,0.71875,1.030141085386276,0.41835893563462023,False,0
p95_learned_profile_mae,011e40058b2151c3a2a6085124734b95,learned_active,23,3.1415927,2.4375,2.7225593626499176,2.2849859612217953,False,0
p95_learned_profile_mae,011e40058b2151c3a2a6085124734b95,zero_shot_active,0,-2.8797932,4.9375,5.78125,5.411119610724786,True,6
p95_learned_profile_mae,011e40058b2151c3a2a6085124734b95,zero_shot_active,1,-2.6179938,1.6875,0.15625,1.0780477450908088,False,0
p95_learned_profile_mae,011e40058b2151c3a2a6085124734b95,zero_shot_active,2,-2.3561945,1.6875,0.0,2.161119610724785,True,1
p95_learned_profile_mae,011e40058b2151c3a2a6085124734b95,zero_shot_active,3,-2.0943952,2.03125,1.125,3.9350722696224936,False,0
p95_learned_profile_mae,011e40058b2151c3a2a6085124734b95,zero_shot_active,4,-1.8325957,2.34375,1.78125,4.5526539619810205,False,0
p95_learned_profile_mae,011e40058b2151c3a2a6085124734b95,zero_shot_active,5,-1.5707964,2.40625,2.1875,4.4361286226232,False,0
p95_learned_profile_mae,011e40058b2151c3a2a6085124734b95,zero_shot_active,6,-1.3089969,2.15625,2.1875,3.7337717627663425,False,0
p95_learned_profile_mae,011e40058b2151c3a2a6085124734b95,zero_shot_active,7,-1.0471976,1.65625,1.6875,2.5260580513800965,False,0
p95_learned_profile_mae,011e40058b2151c3a2a6085124734b95,zero_shot_active,8,-0.7853982,1.125,1.4375,1.5986196107247852,True,5
p95_learned_profile_mae,011e40058b2151c3a2a6085124734b95,zero_shot_active,9,-0.5235988,1.1875,1.96875,1.5009941875133168,False,0
p95_learned_profile_mae,011e40058b2151c3a2a6085124734b95,zero_shot_active,10,-0.2617994,2.1875,3.375,2.453516706896087,False,0
p95_learned_profile_mae,011e40058b2151c3a2a6085124734b95,zero_shot_active,11,5.743189e-09,4.0625,5.375,4.390219094939936,False,0
p95_learned_profile_mae,011e40058b2151c3a2a6085124734b95,zero_shot_active,12,0.2617994,6.40625,7.40625,6.879869610724786,True,4
p95_learned_profile_mae,011e40058b2151c3a2a6085124734b95,zero_shot_active,13,0.5235988,1.9375,1.15625,1.5116996423439624,False,0
p95_learned_profile_mae,011e40058b2151c3a2a6085124734b95,zero_shot_active,14,0.7853982,1.40625,0.625,1.8798696107247852,True,2
p95_learned_profile_mae,011e40058b2151c3a2a6085124734b95,zero_shot_active,15,1.0471976,1.25,1.28125,3.0465607654601405,False,0
p95_learned_profile_mae,011e40058b2151c3a2a6085124734b95,zero_shot_active,16,1.3089969,1.34375,1.78125,3.5669040051509247,False,0
p95_learned_profile_mae,011e40058b2151c3a2a6085124734b95,zero_shot_active,17,1.5707964,1.28125,2.15625,3.590141499904005,False,0
p95_learned_profile_mae,011e40058b2151c3a2a6085124734b95,zero_shot_active,18,1.8325957,1.0,2.03125,2.937895531142235,False,0
p95_learned_profile_mae,011e40058b2151c3a2a6085124734b95,zero_shot_active,19,2.0943952,0.625,1.40625,1.7221928748600026,False,0
p95_learned_profile_mae,011e40058b2151c3a2a6085124734b95,zero_shot_active,20,2.3561945,0.125,0.90625,0.5986196107247852,True,3
p95_learned_profile_mae,011e40058b2151c3a2a6085124734b95,zero_shot_active,21,2.6179938,0.0,0.90625,0.0,False,0
p95_learned_profile_mae,011e40058b2151c3a2a6085124734b95,zero_shot_active,22,2.8797932,0.71875,1.78125,0.49489339239907126,False,0
p95_learned_profile_mae,011e40058b2151c3a2a6085124734b95,zero_shot_active,23,3.1415927,2.4375,3.5,2.3406578257143216,False,0
p95_learned_profile_mae,011e40058b2151c3a2a6085124734b95,learned_equal,0,-2.8797932,4.9375,5.123473435640335,5.208422946083603,False,0
p95_learned_profile_mae,011e40058b2151c3a2a6085124734b95,learned_equal,1,-2.6179938,1.6875,0.09173105657100677,0.15429572648572343,False,0
p95_learned_profile_mae,011e40058b2151c3a2a6085124734b95,learned_equal,2,-2.3561945,1.6875,0.0,0.020826478952435945,False,0
p95_learned_profile_mae,011e40058b2151c3a2a6085124734b95,learned_equal,3,-2.0943952,2.03125,1.224176357500255,1.2325438833398588,False,0
p95_learned_profile_mae,011e40058b2151c3a2a6085124734b95,learned_equal,4,-1.8325957,2.34375,2.130511164665222,2.19465574533754,False,0
p95_learned_profile_mae,011e40058b2151c3a2a6085124734b95,learned_equal,5,-1.5707964,2.40625,2.54724982380867,2.7367855610930394,True,4
p95_learned_profile_mae,011e40058b2151c3a2a6085124734b95,learned_equal,6,-1.3089969,2.15625,2.378688804805279,2.700869056004685,False,0
p95_learned_profile_mae,011e40058b2151c3a2a6085124734b95,learned_equal,7,-1.0471976,1.65625,1.7917151153087616,2.127715432574678,False,0
p95_learned_profile_mae,011e40058b2151c3a2a6085124734b95,learned_equal,8,-0.7853982,1.125,1.3141236156225204,1.4555355610930394,True,5
p95_learned_profile_mae,011e40058b2151c3a2a6085124734b95,learned_equal,9,-0.5235988,1.1875,1.5920833051204681,1.3797416302090868,False,0
p95_learned_profile_mae,011e40058b2151c3a2a6085124734b95,learned_equal,10,-0.2617994,2.1875,2.8261195719242096,2.3623882312635134,False,0
p95_learned_profile_mae,011e40058b2151c3a2a6085124734b95,learned_equal,11,5.743189e-09,4.0625,4.737046867609024,4.39303556109304,True,1
p95_learned_profile_mae,011e40058b2151c3a2a6085124734b95,learned_equal,12,0.2617994,6.40625,6.7800998985767365,6.999903292819377,False,0
p95_learned_profile_mae,011e40058b2151c3a2a6085124734b95,learned_equal,13,0.5235988,1.9375,0.8165355920791626,1.73036627208961,False,0
p95_learned_profile_mae,011e40058b2151c3a2a6085124734b95,learned_equal,14,0.7853982,1.40625,0.42757004499435447,1.7367855610930394,True,6
p95_learned_profile_mae,011e40058b2151c3a2a6085124734b95,learned_equal,15,1.0471976,1.25,1.1654368788003922,2.289540172026363,False,0
p95_learned_profile_mae,011e40058b2151c3a2a6085124734b95,learned_equal,16,1.3089969,1.34375,1.6492598801851273,2.1615576913756347,False,0
p95_learned_profile_mae,011e40058b2151c3a2a6085124734b95,learned_equal,17,1.5707964,1.28125,1.7843133211135864,1.6117855610930394,True,3
p95_learned_profile_mae,011e40058b2151c3a2a6085124734b95,learned_equal,18,1.8325957,1.0,1.6313056945800781,1.0333389901433037,False,0
p95_learned_profile_mae,011e40058b2151c3a2a6085124734b95,learned_equal,19,2.0943952,0.625,1.0515352487564087,0.3644841180800884,False,0
p95_learned_profile_mae,011e40058b2151c3a2a6085124734b95,learned_equal,20,2.3561945,0.125,0.5343499779701233,0.0,False,0
p95_learned_profile_mae,011e40058b2151c3a2a6085124734b95,learned_equal,21,2.6179938,0.0,0.40094801783561707,0.10616328068813496,False,0
p95_learned_profile_mae,011e40058b2151c3a2a6085124734b95,learned_equal,22,2.8797932,0.71875,1.030141085386276,0.9463965765804481,False,0
p95_learned_profile_mae,011e40058b2151c3a2a6085124734b95,learned_equal,23,3.1415927,2.4375,2.7225593626499176,2.7680355610930394,True,2
largest_profile_mae_regression_vs_zero_shot,02a64bb7b52b5658bb246275b4d17c9d,learned_active,0,-3.1415927,0.0,0.0,13.36401437581717,True,1
largest_profile_mae_regression_vs_zero_shot,02a64bb7b52b5658bb246275b4d17c9d,learned_active,1,-2.8797932,3.375,9.233120441436768,16.73901437581717,True,6
largest_profile_mae_regression_vs_zero_shot,02a64bb7b52b5658bb246275b4d17c9d,learned_active,2,-2.6179938,0.9375,0.562598705291748,1.6701357839200384,False,0
largest_profile_mae_regression_vs_zero_shot,02a64bb7b52b5658bb246275b4d17c9d,learned_active,3,-2.3561945,1.3125,2.460464358329773,0.0,False,0
largest_profile_mae_regression_vs_zero_shot,02a64bb7b52b5658bb246275b4d17c9d,learned_active,4,-2.0943952,0.875,3.8967686891555786,2.0680123967871324,False,0
largest_profile_mae_regression_vs_zero_shot,02a64bb7b52b5658bb246275b4d17c9d,learned_active,5,-1.8325957,0.75,4.482524275779724,5.83588070687626,False,0
largest_profile_mae_regression_vs_zero_shot,02a64bb7b52b5658bb246275b4d17c9d,learned_active,6,-1.5707964,1.5,5.552700877189636,10.568413286735701,False,0
largest_profile_mae_regression_vs_zero_shot,02a64bb7b52b5658bb246275b4d17c9d,learned_active,7,-1.3089969,2.75,5.223901033401489,13.291621994096499,False,0
largest_profile_mae_regression_vs_zero_shot,02a64bb7b52b5658bb246275b4d17c9d,learned_active,8,-1.0471976,2.75,5.520098805427551,15.886743708415551,False,0
largest_profile_mae_regression_vs_zero_shot,02a64bb7b52b5658bb246275b4d17c9d,learned_active,9,-0.7853982,2.125,4.827320337295532,16.979214403722388,False,0
largest_profile_mae_regression_vs_zero_shot,02a64bb7b52b5658bb246275b4d17c9d,learned_active,10,-0.5235988,3.625,6.429118633270264,20.000550747218842,False,0
largest_profile_mae_regression_vs_zero_shot,02a64bb7b52b5658bb246275b4d17c9d,learned_active,11,-0.2617994,5.5,8.437849283218384,22.883304056174914,False,0
largest_profile_mae_regression_vs_zero_shot,02a64bb7b52b5658bb246275b4d17c9d,learned_active,12,-2.4404543e-09,8.0,9.640597105026245,23.972406371784,False,0
largest_profile_mae_regression_vs_zero_shot,02a64bb7b52b5658bb246275b4d17c9d,learned_active,13,0.2617994,2.75,3.1290926933288574,16.11401437581717,True,4
largest_profile_mae_regression_vs_zero_shot,02a64bb7b52b5658bb246275b4d17c9d,learned_active,14,0.5235988,2.8125,3.271013379096985,14.098425206693213,False,0
largest_profile_mae_regression_vs_zero_shot,02a64bb7b52b5658bb246275b4d17c9d,learned_active,15,0.7853982,1.5625,3.928296446800232,13.110877318780904,False,0
largest_profile_mae_regression_vs_zero_shot,02a64bb7b52b5658bb246275b4d17c9d,learned_active,16,1.0471976,0.25,4.583244204521179,13.61401437581717,True,3
largest_profile_mae_regression_vs_zero_shot,02a64bb7b52b5658bb246275b4d17c9d,learned_active,17,1.3089969,0.25,5.775239944458008,15.77406443886225,False,0
largest_profile_mae_regression_vs_zero_shot,02a64bb7b52b5658bb246275b4d17c9d,learned_active,18,1.5707964,1.75,7.942478179931641,17.917166958591327,False,0
largest_profile_mae_regression_vs_zero_shot,02a64bb7b52b5658bb246275b4d17c9d,learned_active,19,1.8325957,3.625,9.172299668192863,16.98901437581717,True,5
largest_profile_mae_regression_vs_zero_shot,02a64bb7b52b5658bb246275b4d17c9d,learned_active,20,2.0943952,6.0625,11.123502850532532,15.996437467637266,False,0
largest_profile_mae_regression_vs_zero_shot,02a64bb7b52b5658bb246275b4d17c9d,learned_active,21,2.3561945,4.0,12.629065707325935,17.36401437581717,True,2
largest_profile_mae_regression_vs_zero_shot,02a64bb7b52b5658bb246275b4d17c9d,learned_active,22,2.6179938,2.4375,8.584581851959229,17.432084743432984,False,0
largest_profile_mae_regression_vs_zero_shot,02a64bb7b52b5658bb246275b4d17c9d,learned_active,23,2.8797932,2.3125,3.182303249835968,16.369745843458155,False,0
largest_profile_mae_regression_vs_zero_shot,02a64bb7b52b5658bb246275b4d17c9d,zero_shot_active,0,-3.1415927,0.0,0.1875,0.0,True,4
largest_profile_mae_regression_vs_zero_shot,02a64bb7b52b5658bb246275b4d17c9d,zero_shot_active,1,-2.8797932,3.375,9.375,10.513204397653432,False,0
largest_profile_mae_regression_vs_zero_shot,02a64bb7b52b5658bb246275b4d17c9d,zero_shot_active,2,-2.6179938,0.9375,0.0,0.9375,True,1
largest_profile_mae_regression_vs_zero_shot,02a64bb7b52b5658bb246275b4d17c9d,zero_shot_active,3,-2.3561945,1.3125,1.9375,1.8549374854329446,False,0
largest_profile_mae_regression_vs_zero_shot,02a64bb7b52b5658bb246275b4d17c9d,zero_shot_active,4,-2.0943952,0.875,3.5625,2.368530116881315,False,0
largest_profile_mae_regression_vs_zero_shot,02a64bb7b52b5658bb246275b4d17c9d,zero_shot_active,5,-1.8325957,0.75,4.125,2.115649621423862,False,0
largest_profile_mae_regression_vs_zero_shot,02a64bb7b52b5658bb246275b4d17c9d,zero_shot_active,6,-1.5707964,1.5,5.5,3.0443802078333,False,0
largest_profile_mae_regression_vs_zero_shot,02a64bb7b52b5658bb246275b4d17c9d,zero_shot_active,7,-1.3089969,2.75,5.1875,2.6146339305098625,False,0
largest_profile_mae_regression_vs_zero_shot,02a64bb7b52b5658bb246275b4d17c9d,zero_shot_active,8,-1.0471976,2.75,4.9375,2.5554262546529034,False,0
largest_profile_mae_regression_vs_zero_shot,02a64bb7b52b5658bb246275b4d17c9d,zero_shot_active,9,-0.7853982,2.125,4.0,2.125,True,6
largest_profile_mae_regression_vs_zero_shot,02a64bb7b52b5658bb246275b4d17c9d,zero_shot_active,10,-0.5235988,3.625,5.5625,4.477664806724354,False,0
largest_profile_mae_regression_vs_zero_shot,02a64bb7b52b5658bb246275b4d17c9d,zero_shot_active,11,-0.2617994,5.5,7.375,7.186089226026298,False,0
largest_profile_mae_regression_vs_zero_shot,02a64bb7b52b5658bb246275b4d17c9d,zero_shot_active,12,-2.4404543e-09,8.0,8.6875,9.167773465090631,False,0
largest_profile_mae_regression_vs_zero_shot,02a64bb7b52b5658bb246275b4d17c9d,zero_shot_active,13,0.2617994,2.75,2.1875,2.75,True,2
largest_profile_mae_regression_vs_zero_shot,02a64bb7b52b5658bb246275b4d17c9d,zero_shot_active,14,0.5235988,2.8125,2.5625,2.3784446046313836,False,0
largest_profile_mae_regression_vs_zero_shot,02a64bb7b52b5658bb246275b4d17c9d,zero_shot_active,15,0.7853982,1.5625,3.5,1.8330916481497432,False,0
largest_profile_mae_regression_vs_zero_shot,02a64bb7b52b5658bb246275b4d17c9d,zero_shot_active,16,1.0471976,0.25,4.5625,0.8962211358777668,False,0
largest_profile_mae_regression_vs_zero_shot,02a64bb7b52b5658bb246275b4d17c9d,zero_shot_active,17,1.3089969,0.25,6.1875,0.25,True,5
largest_profile_mae_regression_vs_zero_shot,02a64bb7b52b5658bb246275b4d17c9d,zero_shot_active,18,1.5707964,1.75,8.75,0.5362071554490235,False,0
largest_profile_mae_regression_vs_zero_shot,02a64bb7b52b5658bb246275b4d17c9d,zero_shot_active,19,1.8325957,3.625,10.4375,0.3806801067844132,False,0
largest_profile_mae_regression_vs_zero_shot,02a64bb7b52b5658bb246275b4d17c9d,zero_shot_active,20,2.0943952,6.0625,12.75,1.9954388225824138,False,0
largest_profile_mae_regression_vs_zero_shot,02a64bb7b52b5658bb246275b4d17c9d,zero_shot_active,21,2.3561945,4.0,13.6875,4.0,True,3
largest_profile_mae_regression_vs_zero_shot,02a64bb7b52b5658bb246275b4d17c9d,zero_shot_active,22,2.6179938,2.4375,8.875,2.077006480611653,False,0
largest_profile_mae_regression_vs_zero_shot,02a64bb7b52b5658bb246275b4d17c9d,zero_shot_active,23,2.8797932,2.3125,3.5625,0.3920279700111662,False,0
largest_profile_mae_regression_vs_zero_shot,02a64bb7b52b5658bb246275b4d17c9d,learned_equal,0,-3.1415927,0.0,0.0,0.31038959144914013,True,2
largest_profile_mae_regression_vs_zero_shot,02a64bb7b52b5658bb246275b4d17c9d,learned_equal,1,-2.8797932,3.375,9.233120441436768,9.396168433914678,False,0
largest_profile_mae_regression_vs_zero_shot,02a64bb7b52b5658bb246275b4d17c9d,learned_equal,2,-2.6179938,0.9375,0.562598705291748,0.0,False,0
largest_profile_mae_regression_vs_zero_shot,02a64bb7b52b5658bb246275b4d17c9d,learned_equal,3,-2.3561945,1.3125,2.460464358329773,0.8499452517557042,False,0
largest_profile_mae_regression_vs_zero_shot,02a64bb7b52b5658bb246275b4d17c9d,learned_equal,4,-2.0943952,0.875,3.8967686891555786,1.2266915317906064,False,0
largest_profile_mae_regression_vs_zero_shot,02a64bb7b52b5658bb246275b4d17c9d,learned_equal,5,-1.8325957,0.75,4.482524275779724,1.0358674367269534,False,0
largest_profile_mae_regression_vs_zero_shot,02a64bb7b52b5658bb246275b4d17c9d,learned_equal,6,-1.5707964,1.5,5.552700877189636,1.8103895914491401,True,3
largest_profile_mae_regression_vs_zero_shot,02a64bb7b52b5658bb246275b4d17c9d,learned_equal,7,-1.3089969,2.75,5.223901033401489,1.7100212574338194,False,0
largest_profile_mae_regression_vs_zero_shot,02a64bb7b52b5658bb246275b4d17c9d,learned_equal,8,-1.0471976,2.75,5.520098805427551,2.5452296353449166,False,0
largest_profile_mae_regression_vs_zero_shot,02a64bb7b52b5658bb246275b4d17c9d,learned_equal,9,-0.7853982,2.125,4.827320337295532,2.43538959144914,True,6
largest_profile_mae_regression_vs_zero_shot,02a64bb7b52b5658bb246275b4d17c9d,learned_equal,10,-0.5235988,3.625,6.429118633270264,4.4841178777501725,False,0
largest_profile_mae_regression_vs_zero_shot,02a64bb7b52b5658bb246275b4d17c9d,learned_equal,11,-0.2617994,5.5,8.437849283218384,6.8226289803087115,False,0
largest_profile_mae_regression_vs_zero_shot,02a64bb7b52b5658bb246275b4d17c9d,learned_equal,12,-2.4404543e-09,8.0,9.640597105026245,8.310389591449141,True,1
largest_profile_mae_regression_vs_zero_shot,02a64bb7b52b5658bb246275b4d17c9d,learned_equal,13,0.2617994,2.75,3.1290926933288574,1.9953463237378721,False,0
largest_profile_mae_regression_vs_zero_shot,02a64bb7b52b5658bb246275b4d17c9d,learned_equal,14,0.5235988,2.8125,3.271013379096985,1.9829020558347326,False,0
largest_profile_mae_regression_vs_zero_shot,02a64bb7b52b5658bb246275b4d17c9d,learned_equal,15,0.7853982,1.5625,3.928296446800232,1.8728895914491401,True,5
largest_profile_mae_regression_vs_zero_shot,02a64bb7b52b5658bb246275b4d17c9d,learned_equal,16,1.0471976,0.25,4.583244204521179,1.146571981396276,False,0
largest_profile_mae_regression_vs_zero_shot,02a64bb7b52b5658bb246275b4d17c9d,learned_equal,17,1.3089969,0.25,5.775239944458008,0.8424745868304564,False,0
largest_profile_mae_regression_vs_zero_shot,02a64bb7b52b5658bb246275b4d17c9d,learned_equal,18,1.5707964,1.75,7.942478179931641,2.06038959144914,True,4
largest_profile_mae_regression_vs_zero_shot,02a64bb7b52b5658bb246275b4d17c9d,learned_equal,19,1.8325957,3.625,9.172299668192863,3.388366347020895,False,0
largest_profile_mae_regression_vs_zero_shot,02a64bb7b52b5658bb246275b4d17c9d,learned_equal,20,2.0943952,6.0625,11.123502850532532,6.392929407665336,False,0
largest_profile_mae_regression_vs_zero_shot,02a64bb7b52b5658bb246275b4d17c9d,learned_equal,21,2.3561945,4.0,12.629065707325935,9.498328657839128,False,0
largest_profile_mae_regression_vs_zero_shot,02a64bb7b52b5658bb246275b4d17c9d,learned_equal,22,2.6179938,2.4375,8.584581851959229,7.080179034398273,False,0
largest_profile_mae_regression_vs_zero_shot,02a64bb7b52b5658bb246275b4d17c9d,learned_equal,23,2.8797932,2.3125,3.182303249835968,2.9084344691370783,False,0
largest_barrier_regression_vs_learned_equal,02ebfa77892359ec994b04adeff0656b,learned_active,0,-2.8797932,0.4375,0.7052161842584628,0.32416973320677833,False,0
largest_barrier_regression_vs_learned_equal,02ebfa77892359ec994b04adeff0656b,learned_active,1,-2.6179938,1.875,2.831251248717308,1.875,True,6
largest_barrier_regression_vs_learned_equal,02ebfa77892359ec994b04adeff0656b,learned_active,2,-2.3561945,4.3125,6.1518833339214325,4.595335178193528,False,0
largest_barrier_regression_vs_learned_equal,02ebfa77892359ec994b04adeff0656b,learned_active,3,-2.0943952,7.625,10.135452456772327,8.108062667080482,False,0
largest_barrier_regression_vs_learned_equal,02ebfa77892359ec994b04adeff0656b,learned_active,4,-1.8325957,11.5625,14.370248207822442,12.117546738494973,False,0
largest_barrier_regression_vs_learned_equal,02ebfa77892359ec994b04adeff0656b,learned_active,5,-1.5707964,15.9375,18.146535858511925,15.9375,True,3
largest_barrier_regression_vs_learned_equal,02ebfa77892359ec994b04adeff0656b,learned_active,6,-1.3089969,17.8125,18.26249685883522,16.272906262674912,False,0
largest_barrier_regression_vs_learned_equal,02ebfa77892359ec994b04adeff0656b,learned_active,7,-1.0471976,14.75,16.59402886033058,14.75,True,5
largest_barrier_regression_vs_learned_equal,02ebfa77892359ec994b04adeff0656b,learned_active,8,-0.7853981,12.5625,15.35575345158577,13.33675321962149,False,0
largest_barrier_regression_vs_learned_equal,02ebfa77892359ec994b04adeff0656b,learned_active,9,-0.5235988,11.5,14.61783218383789,12.030456761508177,False,0
largest_barrier_regression_vs_learned_equal,02ebfa77892359ec994b04adeff0656b,learned_active,10,-0.2617994,11.5,14.731080383062363,11.322616234654205,False,0
largest_barrier_regression_vs_learned_equal,02ebfa77892359ec994b04adeff0656b,learned_active,11,4.490458e-09,14.75,15.208520621061325,11.03761154131455,False,0
largest_barrier_regression_vs_learned_equal,02ebfa77892359ec994b04adeff0656b,learned_active,12,0.2617994,13.8125,18.38276293873787,13.8125,True,1
largest_barrier_regression_vs_learned_equal,02ebfa77892359ec994b04adeff0656b,learned_active,13,0.5235988,13.5625,12.987232953310013,8.54510378400435,False,0
largest_barrier_regression_vs_learned_equal,02ebfa77892359ec994b04adeff0656b,learned_active,14,0.7853982,14.375,13.583645015954971,9.662997354884,False,0
largest_barrier_regression_vs_learned_equal,02ebfa77892359ec994b04adeff0656b,learned_active,15,1.0471976,16.375,15.02681776881218,11.793087110076069,False,0
largest_barrier_regression_vs_learned_equal,02ebfa77892359ec994b04adeff0656b,learned_active,16,1.3089969,19.5,16.73142233490944,14.15676858349762,False,0
largest_barrier_regression_vs_learned_equal,02ebfa77892359ec994b04adeff0656b,learned_active,17,1.5707964,15.5,17.508181124925613,15.5,True,4
largest_barrier_regression_vs_learned_equal,02ebfa77892359ec994b04adeff0656b,learned_active,18,1.8325957,11.5625,14.539804250001907,13.039518647821179,False,0
largest_barrier_regression_vs_learned_equal,02ebfa77892359ec994b04adeff0656b,learned_active,19,2.0943952,7.625,10.56543681025505,9.554578101408387,False,0
largest_barrier_regression_vs_learned_equal,02ebfa77892359ec994b04adeff0656b,learned_active,20,2.3561945,4.3125,6.547943323850632,6.011201032940784,False,0
largest_barrier_regression_vs_learned_equal,02ebfa77892359ec994b04adeff0656b,learned_active,21,2.6179938,1.875,3.294329971075058,3.155294994313609,False,0
largest_barrier_regression_vs_learned_equal,02ebfa77892359ec994b04adeff0656b,learned_active,22,2.8797932,0.5625,0.6100459694862383,0.6820121661349354,False,0
largest_barrier_regression_vs_learned_equal,02ebfa77892359ec994b04adeff0656b,learned_active,23,3.1415927,0.0,0.0,0.0,True,2
largest_barrier_regression_vs_learned_equal,02ebfa77892359ec994b04adeff0656b,zero_shot_active,0,-2.8797932,0.4375,0.75,0.3540129444190345,False,0
largest_barrier_regression_vs_learned_equal,02ebfa77892359ec994b04adeff0656b,zero_shot_active,1,-2.6179938,1.875,2.875,1.875,True,5
largest_barrier_regression_vs_learned_equal,02ebfa77892359ec994b04adeff0656b,zero_shot_active,2,-2.3561945,4.3125,6.25,4.569639980825975,False,0
largest_barrier_regression_vs_learned_equal,02ebfa77892359ec994b04adeff0656b,zero_shot_active,3,-2.0943952,7.625,10.3125,8.033178060374615,False,0
largest_barrier_regression_vs_learned_equal,02ebfa77892359ec994b04adeff0656b,zero_shot_active,4,-1.8325957,11.5625,14.625,11.98212759971718,False,0
largest_barrier_regression_vs_learned_equal,02ebfa77892359ec994b04adeff0656b,zero_shot_active,5,-1.5707964,15.9375,18.625,15.9375,True,3
largest_barrier_regression_vs_learned_equal,02ebfa77892359ec994b04adeff0656b,zero_shot_active,6,-1.3089969,17.8125,16.75,14.289278768141825,False,0
largest_barrier_regression_vs_learned_equal,02ebfa77892359ec994b04adeff0656b,zero_shot_active,7,-1.0471976,14.75,15.6875,13.45703566745221,False,0
largest_barrier_regression_vs_learned_equal,02ebfa77892359ec994b04adeff0656b,zero_shot_active,8,-0.7853981,12.5625,14.875,12.5625,True,6
largest_barrier_regression_vs_learned_equal,02ebfa77892359ec994b04adeff0656b,zero_shot_active,9,-0.5235988,11.5,14.4375,11.537025076931446,False,0
largest_barrier_regression_vs_learned_equal,02ebfa77892359ec994b04adeff0656b,zero_shot_active,10,-0.2617994,11.5,14.875,11.017776176445125,False,0
largest_barrier_regression_vs_learned_equal,02ebfa77892359ec994b04adeff0656b,zero_shot_active,11,4.490458e-09,14.75,14.875,10.088225425648794,False,0
largest_barrier_regression_vs_learned_equal,02ebfa77892359ec994b04adeff0656b,zero_shot_active,12,0.2617994,13.8125,19.0625,13.8125,True,1
largest_barrier_regression_vs_learned_equal,02ebfa77892359ec994b04adeff0656b,zero_shot_active,13,0.5235988,13.5625,12.5,7.515437679723838,False,0
largest_barrier_regression_vs_learned_equal,02ebfa77892359ec994b04adeff0656b,zero_shot_active,14,0.7853982,14.375,13.25,9.109366351349173,False,0
largest_barrier_regression_vs_learned_equal,02ebfa77892359ec994b04adeff0656b,zero_shot_active,15,1.0471976,16.375,14.5625,11.520504153209822,False,0
largest_barrier_regression_vs_learned_equal,02ebfa77892359ec994b04adeff0656b,zero_shot_active,16,1.3089969,19.5,15.6875,13.667995007589099,False,0
largest_barrier_regression_vs_learned_equal,02ebfa77892359ec994b04adeff0656b,zero_shot_active,17,1.5707964,15.5,16.75,15.5,True,4
largest_barrier_regression_vs_learned_equal,02ebfa77892359ec994b04adeff0656b,zero_shot_active,18,1.8325957,11.5625,13.625,12.875671178468181,False,0
largest_barrier_regression_vs_learned_equal,02ebfa77892359ec994b04adeff0656b,zero_shot_active,19,2.0943952,7.625,9.9375,9.516016884919395,False,0
largest_barrier_regression_vs_learned_equal,02ebfa77892359ec994b04adeff0656b,zero_shot_active,20,2.3561945,4.3125,6.3125,6.142609444318397,False,0
largest_barrier_regression_vs_learned_equal,02ebfa77892359ec994b04adeff0656b,zero_shot_active,21,2.6179938,1.875,3.375,3.4079929685754484,False,0
largest_barrier_regression_vs_learned_equal,02ebfa77892359ec994b04adeff0656b,zero_shot_active,22,2.8797932,0.5625,0.625,0.74742160190333,False,0
largest_barrier_regression_vs_learned_equal,02ebfa77892359ec994b04adeff0656b,zero_shot_active,23,3.1415927,0.0,0.0,0.0,True,2
largest_barrier_regression_vs_learned_equal,02ebfa77892359ec994b04adeff0656b,learned_equal,0,-2.8797932,0.4375,0.7052161842584628,0.6874639630346735,False,0
largest_barrier_regression_vs_learned_equal,02ebfa77892359ec994b04adeff0656b,learned_equal,1,-2.6179938,1.875,2.831251248717308,2.554634440438651,False,0
largest_barrier_regression_vs_learned_equal,02ebfa77892359ec994b04adeff0656b,learned_equal,2,-2.3561945,4.3125,6.1518833339214325,5.462642755457247,False,0
largest_barrier_regression_vs_learned_equal,02ebfa77892359ec994b04adeff0656b,learned_equal,3,-2.0943952,7.625,10.135452456772327,8.95720208099522,False,0
largest_barrier_regression_vs_learned_equal,02ebfa77892359ec994b04adeff0656b,learned_equal,4,-1.8325957,11.5625,14.370248207822442,12.672919910785705,False,0
largest_barrier_regression_vs_learned_equal,02ebfa77892359ec994b04adeff0656b,learned_equal,5,-1.5707964,15.9375,18.146535858511925,15.9375,True,4
largest_barrier_regression_vs_learned_equal,02ebfa77892359ec994b04adeff0656b,learned_equal,6,-1.3089969,17.8125,18.26249685883522,15.62157795562283,False,0
largest_barrier_regression_vs_learned_equal,02ebfa77892359ec994b04adeff0656b,learned_equal,7,-1.0471976,14.75,16.59402886033058,13.715796189000596,False,0
largest_barrier_regression_vs_learned_equal,02ebfa77892359ec994b04adeff0656b,learned_equal,8,-0.7853981,12.5625,15.35575345158577,12.5625,True,6
largest_barrier_regression_vs_learned_equal,02ebfa77892359ec994b04adeff0656b,learned_equal,9,-0.5235988,11.5,14.61783218383789,12.317794826084793,False,0
largest_barrier_regression_vs_learned_equal,02ebfa77892359ec994b04adeff0656b,learned_equal,10,-0.2617994,11.5,14.731080383062363,13.2658098107868,False,0
largest_barrier_regression_vs_learned_equal,02ebfa77892359ec994b04adeff0656b,learned_equal,11,4.490458e-09,14.75,15.208520621061325,14.75,True,1
largest_barrier_regression_vs_learned_equal,02ebfa77892359ec994b04adeff0656b,learned_equal,12,0.2617994,13.8125,18.38276293873787,18.83220947794079,False,0
largest_barrier_regression_vs_learned_equal,02ebfa77892359ec994b04adeff0656b,learned_equal,13,0.5235988,13.5625,12.987232953310013,13.92974679021238,False,0
largest_barrier_regression_vs_learned_equal,02ebfa77892359ec994b04adeff0656b,learned_equal,14,0.7853982,14.375,13.583645015954971,14.375,True,5
largest_barrier_regression_vs_learned_equal,02ebfa77892359ec994b04adeff0656b,learned_equal,15,1.0471976,16.375,15.02681776881218,15.011820790301508,False,0
largest_barrier_regression_vs_learned_equal,02ebfa77892359ec994b04adeff0656b,learned_equal,16,1.3089969,19.5,16.73142233490944,15.624129341087642,False,0
largest_barrier_regression_vs_learned_equal,02ebfa77892359ec994b04adeff0656b,learned_equal,17,1.5707964,15.5,17.508181124925613,15.5,True,3
largest_barrier_regression_vs_learned_equal,02ebfa77892359ec994b04adeff0656b,learned_equal,18,1.8325957,11.5625,14.539804250001907,12.193907544386224,False,0
largest_barrier_regression_vs_learned_equal,02ebfa77892359ec994b04adeff0656b,learned_equal,19,2.0943952,7.625,10.56543681025505,8.45175619196147,False,0
largest_barrier_regression_vs_learned_equal,02ebfa77892359ec994b04adeff0656b,learned_equal,20,2.3561945,4.3125,6.547943323850632,5.031494599750941,False,0
largest_barrier_regression_vs_learned_equal,02ebfa77892359ec994b04adeff0656b,learned_equal,21,2.6179938,1.875,3.294329971075058,2.461598122965696,False,0
largest_barrier_regression_vs_learned_equal,02ebfa77892359ec994b04adeff0656b,learned_equal,22,2.8797932,0.5625,0.6100459694862383,0.324816634255896,False,0
largest_barrier_regression_vs_learned_equal,02ebfa77892359ec994b04adeff0656b,learned_equal,23,3.1415927,0.0,0.0,0.0,True,2
