method,budget,metric,mean,ci_low,ci_high,profile_count,bootstrap_repeats
equal_spacing_interpolation,0,profile_mae,4.276139556846314,4.124819019132299,4.428283562065595,1000,5000
equal_spacing_interpolation,0,barrier_abs_error,11.100296875,10.669305078125001,11.53499765625,1000,5000
equal_spacing_interpolation,1,profile_mae,4.276139556846314,4.121534578254588,4.426497958623199,1000,5000
equal_spacing_interpolation,1,barrier_abs_error,11.100296875,10.667824609375002,11.528228515624999,1000,5000
equal_spacing_interpolation,2,profile_mae,3.125824310952399,2.9991923857560057,3.260258170841381,1000,5000
equal_spacing_interpolation,2,barrier_abs_error,6.623734375,6.2172453125,7.047722265625,1000,5000
equal_spacing_interpolation,4,profile_mae,1.647873076903693,1.5815516857599468,1.7165138558148485,1000,5000
equal_spacing_interpolation,4,barrier_abs_error,1.29334375,1.181109375,1.40678125,1000,5000
equal_spacing_interpolation,6,profile_mae,1.048684812717791,1.0048577229550453,1.092067311906642,1000,5000
equal_spacing_interpolation,6,barrier_abs_error,0.8850625,0.796837109375,0.977408203125,1000,5000
learned_active,0,profile_mae,0.8438142569362314,0.7994539409371145,0.890655448961751,1000,5000
learned_active,0,barrier_abs_error,1.2331940337681444,1.1499555663192587,1.3202031158986558,1000,5000
learned_active,1,profile_mae,0.8349954775451585,0.7889345373863956,0.8840054351016107,1000,5000
learned_active,1,barrier_abs_error,1.072792990207657,0.9958287501571405,1.1581447383262264,1000,5000
learned_active,2,profile_mae,0.704144624996761,0.6635772507617659,0.7463451319837484,1000,5000
learned_active,2,barrier_abs_error,0.5741117002669562,0.5031028995782951,0.658189833704353,1000,5000
learned_active,4,profile_mae,0.4662002245246103,0.4317244095568711,0.5054774607296965,1000,5000
learned_active,4,barrier_abs_error,0.21832916413774411,0.16657424211762617,0.2840839800580147,1000,5000
learned_active,6,profile_mae,0.33987293494838594,0.30560231041385927,0.38135648719745185,1000,5000
learned_active,6,barrier_abs_error,0.15247703417369132,0.10098773808627297,0.2211874728480808,1000,5000
learned_equal,0,profile_mae,0.8438142569362314,0.8001369444887143,0.8894773086271778,1000,5000
learned_equal,0,barrier_abs_error,1.2331940337681444,1.1509819288043392,1.3231868415585077,1000,5000
learned_equal,1,profile_mae,0.8232695853686832,0.7788780248618066,0.8702943609525804,1000,5000
learned_equal,1,barrier_abs_error,1.1539662729222395,1.0698240229273912,1.2405798168870057,1000,5000
learned_equal,2,profile_mae,0.6979470054480942,0.6608237407368048,0.7380953131777551,1000,5000
learned_equal,2,barrier_abs_error,0.9557533190501789,0.882611712772037,1.0377795911775052,1000,5000
learned_equal,4,profile_mae,0.4893583735177959,0.4527324520893564,0.531091732715497,1000,5000
learned_equal,4,barrier_abs_error,0.5089649347588919,0.4411806388098769,0.5942120968061548,1000,5000
learned_equal,6,profile_mae,0.3697370954660024,0.33910243393482825,0.4048393969669911,1000,5000
learned_equal,6,barrier_abs_error,0.4032382031098289,0.3426881873349626,0.47717587089506014,1000,5000
learned_variance,0,profile_mae,0.8438142569362314,0.7997456085861355,0.8897199075455038,1000,5000
learned_variance,0,barrier_abs_error,1.2331940337681444,1.1492888730235777,1.3203845911910583,1000,5000
learned_variance,1,profile_mae,0.8368870128622716,0.7915091810883498,0.8839961767523741,1000,5000
learned_variance,1,barrier_abs_error,1.1572343112040295,1.074138217696988,1.2468600670784853,1000,5000
learned_variance,2,profile_mae,0.7042032828269915,0.6672207033778204,0.743620435032618,1000,5000
learned_variance,2,barrier_abs_error,0.9745531761698973,0.9035831251926909,1.0513387615095369,1000,5000
learned_variance,4,profile_mae,0.5045198778335891,0.4676990266612761,0.5454281358867863,1000,5000
learned_variance,4,barrier_abs_error,0.5786853610739101,0.5108403280480334,0.6610509721096581,1000,5000
learned_variance,6,profile_mae,0.3795780081276653,0.3498396185202169,0.41396252761157337,1000,5000
learned_variance,6,barrier_abs_error,0.4626015694649183,0.40331611604767226,0.5377644273504981,1000,5000
path_gp_active,0,profile_mae,4.276139556846314,4.1235392883631885,4.431466921604653,1000,5000
path_gp_active,0,barrier_abs_error,11.100296875,10.6610203125,11.534899218749999,1000,5000
path_gp_active,1,profile_mae,3.018254686085298,2.9069779375978233,3.1368496758096445,1000,5000
path_gp_active,1,barrier_abs_error,7.371599855242591,7.070186542251267,7.688021159437097,1000,5000
path_gp_active,2,profile_mae,2.2609857103962403,2.1780048160234555,2.3452614371384404,1000,5000
path_gp_active,2,barrier_abs_error,4.983735992155587,4.704787780767504,5.2786994867271035,1000,5000
path_gp_active,4,profile_mae,1.80886041604182,1.7428218538078901,1.877211450774598,1000,5000
path_gp_active,4,barrier_abs_error,1.9793798156954303,1.8275475829535344,2.1341764719293597,1000,5000
path_gp_active,6,profile_mae,1.3530023853803916,1.2979326840223504,1.4092145939670517,1000,5000
path_gp_active,6,barrier_abs_error,1.0656820269149216,0.956606403030572,1.1786100044783485,1000,5000
path_gp_variance,0,profile_mae,4.276139556846314,4.127227826951105,4.4333074590803925,1000,5000
path_gp_variance,0,barrier_abs_error,11.100296875,10.673915625,11.52824765625,1000,5000
path_gp_variance,1,profile_mae,3.018254686085298,2.9027993411667286,3.1310894550836252,1000,5000
path_gp_variance,1,barrier_abs_error,7.371599855242591,7.062613439014085,7.693615234828376,1000,5000
path_gp_variance,2,profile_mae,2.2606781129652727,2.1805812483810216,2.3450772225268355,1000,5000
path_gp_variance,2,barrier_abs_error,4.981361418484054,4.692767215700243,5.270107305260641,1000,5000
path_gp_variance,4,profile_mae,1.6108941779966148,1.5486335152451625,1.6739752694924608,1000,5000
path_gp_variance,4,barrier_abs_error,1.7147363909791526,1.583239352709269,1.8548025031769808,1000,5000
path_gp_variance,6,profile_mae,1.0508220047798769,1.0090758623832303,1.094757971831877,1000,5000
path_gp_variance,6,barrier_abs_error,1.3215839998795724,1.204095824182287,1.4518076682001309,1000,5000
random_path_gp,0,profile_mae,4.276139556846314,4.119858666756325,4.43473153287855,1000,5000
random_path_gp,0,barrier_abs_error,11.100296875,10.666427343750001,11.53719609375,1000,5000
random_path_gp,1,profile_mae,3.4055473938545338,3.282240474135441,3.530192818713157,1000,5000
random_path_gp,1,barrier_abs_error,8.476987428200355,8.13327589509247,8.822600134296046,1000,5000
random_path_gp,2,profile_mae,2.8542136880053777,2.749752204287405,2.958003523460186,1000,5000
random_path_gp,2,barrier_abs_error,5.976701450422291,5.741685167297499,6.21715074918741,1000,5000
random_path_gp,4,profile_mae,2.03926079466873,1.9663857672282177,2.1118595577829367,1000,5000
random_path_gp,4,barrier_abs_error,3.268591730927488,3.1214759707271216,3.4145441970750525,1000,5000
random_path_gp,6,profile_mae,1.5169686253518821,1.4548834728329967,1.580467170109368,1000,5000
random_path_gp,6,barrier_abs_error,2.170282898869301,2.054295166749491,2.2864097682314273,1000,5000
zero_shot_active,0,profile_mae,1.1245480756102129,1.0628101183994716,1.1903456653173468,1000,5000
zero_shot_active,0,barrier_abs_error,1.7179375,1.6019160156249999,1.8397515625,1000,5000
zero_shot_active,1,profile_mae,0.971647785204774,0.9132635580264796,1.033089341868623,1000,5000
zero_shot_active,1,barrier_abs_error,1.2470830447338677,1.148439437923438,1.349351592717198,1000,5000
zero_shot_active,2,profile_mae,0.849920535831682,0.7998003533327291,0.9065575879503663,1000,5000
zero_shot_active,2,barrier_abs_error,0.7057433358061723,0.6226506602508536,0.8008371492012595,1000,5000
zero_shot_active,4,profile_mae,0.6105519028262264,0.565513101088925,0.662361338197286,1000,5000
zero_shot_active,4,barrier_abs_error,0.32901972627970316,0.267578726689404,0.406720114552922,1000,5000
zero_shot_active,6,profile_mae,0.45016347491536596,0.4094563679558158,0.49678576255355417,1000,5000
zero_shot_active,6,barrier_abs_error,0.22970796959959636,0.17120191640277715,0.30349370454296465,1000,5000
