axis,level,comparator,metric,profile_count,proposed_mean,comparator_mean,relative_reduction,ci_low,ci_high,win_count,tie_count,loss_count,win_fraction
whole_similarity_quartile,whole_similarity_Q1,zero_shot_active,profile_mae,250,0.2973859155743814,0.34167463345293003,0.12962249327956032,0.037491287755495345,0.2143823368222912,138,0,112,0.552
whole_similarity_quartile,whole_similarity_Q1,zero_shot_active,barrier_abs_error,250,0.09593445666134232,0.10851054638409369,0.11589739561568435,-0.15852812782499007,0.3326901373527327,61,139,50,0.244
whole_similarity_quartile,whole_similarity_Q1,learned_equal,profile_mae,250,0.2973859155743814,0.33930725906966375,0.12354979852251091,0.016990358132534356,0.21293344142980258,134,0,116,0.536
whole_similarity_quartile,whole_similarity_Q1,learned_equal,barrier_abs_error,250,0.09593445666134232,0.3195306875792964,0.6997644971501065,0.5855278612906836,0.7954701478260664,159,54,37,0.636
whole_similarity_quartile,whole_similarity_Q2,zero_shot_active,profile_mae,248,0.3069983431386586,0.38461467155826917,0.20180282802303784,0.12393372445063643,0.28409326282852554,157,0,91,0.6330645161290323
whole_similarity_quartile,whole_similarity_Q2,zero_shot_active,barrier_abs_error,248,0.14371666811988093,0.19404864107203118,0.25937812640216806,-0.014376230440741992,0.5111493367153958,62,137,49,0.25
whole_similarity_quartile,whole_similarity_Q2,learned_equal,profile_mae,248,0.3069983431386586,0.3295151054001596,0.0683330199207618,-0.0028920590385700796,0.1333092213375659,143,0,105,0.5766129032258065
whole_similarity_quartile,whole_similarity_Q2,learned_equal,barrier_abs_error,248,0.14371666811988093,0.35465203346845076,0.5947671109781872,0.4407741747651322,0.7498400399557789,156,60,32,0.6290322580645161
whole_similarity_quartile,whole_similarity_Q3,zero_shot_active,profile_mae,252,0.3002598217216329,0.44440466066421896,0.3243549217668945,0.24541765162134288,0.3975997802342449,163,0,89,0.6468253968253969
whole_similarity_quartile,whole_similarity_Q3,zero_shot_active,barrier_abs_error,252,0.09031257049365282,0.19022735231814702,0.5252387766896479,0.3264558943448069,0.6780771512005732,69,138,45,0.27380952380952384
whole_similarity_quartile,whole_similarity_Q3,learned_equal,profile_mae,252,0.3002598217216329,0.3530542584704151,0.1495363261655891,0.07002704572595439,0.21974224271910664,137,1,114,0.5436507936507936
whole_similarity_quartile,whole_similarity_Q3,learned_equal,barrier_abs_error,252,0.09031257049365282,0.3760888939229521,0.7598637663781829,0.6626945321382053,0.8389796209788841,166,53,33,0.6587301587301587
whole_similarity_quartile,whole_similarity_Q4,zero_shot_active,profile_mae,250,0.4549015675302071,0.629481614073198,0.2773393894911921,0.0978263846577908,0.41626815829757696,178,0,72,0.712
whole_similarity_quartile,whole_similarity_Q4,zero_shot_active,barrier_abs_error,250,0.2803716742008989,0.42607590893414465,0.3419677847962207,-0.05197099276248192,0.6868895407680563,84,114,52,0.336
whole_similarity_quartile,whole_similarity_Q4,learned_equal,profile_mae,250,0.4549015675302071,0.45688344569920925,0.004337820045042573,-0.22690220789849583,0.1580570639023035,132,0,118,0.528
whole_similarity_quartile,whole_similarity_Q4,learned_equal,barrier_abs_error,250,0.2803716742008989,0.5625097025849802,0.5015700655251503,0.22037133140254858,0.76207705680867,166,47,37,0.664
torsion_descriptor_distance_quartile,torsion_distance_Q1,zero_shot_active,profile_mae,250,0.26625868778906964,0.42778164767692306,0.37758272418886396,0.2627998688705262,0.4763859531919979,162,0,88,0.648
torsion_descriptor_distance_quartile,torsion_distance_Q1,zero_shot_active,barrier_abs_error,250,0.06603250829368844,0.16117762030874377,0.5903121775392894,0.12139734116345335,0.7870336164400245,58,145,47,0.232
torsion_descriptor_distance_quartile,torsion_distance_Q1,learned_equal,profile_mae,250,0.26625868778906964,0.2977146211294498,0.1056580063855942,0.039267975374254055,0.16995839617911582,129,0,121,0.516
torsion_descriptor_distance_quartile,torsion_distance_Q1,learned_equal,barrier_abs_error,250,0.06603250829368844,0.31176522725917644,0.7881979691122052,0.7035255137577177,0.856232379435619,164,54,32,0.656
torsion_descriptor_distance_quartile,torsion_distance_Q2,zero_shot_active,profile_mae,250,0.30243141010760466,0.4292540340933565,0.2954488808791713,0.23747845027263825,0.3517884564357622,171,0,79,0.684
torsion_descriptor_distance_quartile,torsion_distance_Q2,zero_shot_active,barrier_abs_error,250,0.11008723860333268,0.16829145168599796,0.34585365150491443,0.07499988783036914,0.538606727883478,71,124,55,0.284
torsion_descriptor_distance_quartile,torsion_distance_Q2,learned_equal,profile_mae,250,0.30243141010760466,0.3583939429029264,0.15614809877096503,0.07806330388089576,0.22801462495618222,133,0,117,0.532
torsion_descriptor_distance_quartile,torsion_distance_Q2,learned_equal,barrier_abs_error,250,0.11008723860333268,0.3822823317417682,0.7120263494738317,0.6132699076570213,0.7973020617361527,162,51,37,0.648
torsion_descriptor_distance_quartile,torsion_distance_Q3,zero_shot_active,profile_mae,250,0.3770444526129813,0.5022757735439547,0.24932781457358955,0.16289382533012464,0.3315327802310502,154,0,96,0.616
torsion_descriptor_distance_quartile,torsion_distance_Q3,zero_shot_active,barrier_abs_error,250,0.14504218919026987,0.2774840457277969,0.47729539256987885,0.3037884952317267,0.6556662756828243,79,134,37,0.316
torsion_descriptor_distance_quartile,torsion_distance_Q3,learned_equal,profile_mae,250,0.3770444526129813,0.3944937217840027,0.0442320579706853,-0.04588621295169038,0.12321148791612228,136,0,114,0.544
torsion_descriptor_distance_quartile,torsion_distance_Q3,learned_equal,barrier_abs_error,250,0.14504218919026987,0.42353278292226515,0.6575420013782244,0.5313612619014455,0.7822792671642887,165,54,31,0.66
torsion_descriptor_distance_quartile,torsion_distance_Q4,zero_shot_active,profile_mae,250,0.41375718928388794,0.44134244434722963,0.06250306404166917,-0.171670077400985,0.21979183596443688,149,0,101,0.596
torsion_descriptor_distance_quartile,torsion_distance_Q4,zero_shot_active,barrier_abs_error,250,0.2887462006074743,0.3118787606758468,0.07417164291099476,-0.4779210945697571,0.4684202456208657,68,125,57,0.272
torsion_descriptor_distance_quartile,torsion_distance_Q4,learned_equal,profile_mae,250,0.41375718928388794,0.4283460960476307,0.03405868968657655,-0.21233597879824492,0.19735477468692908,148,1,101,0.592
torsion_descriptor_distance_quartile,torsion_distance_Q4,learned_equal,barrier_abs_error,250,0.2887462006074743,0.4953724705161059,0.41711294471684535,0.0921738488321416,0.7084571496416303,156,55,39,0.624
heavy_atom_quartile,heavy_atoms_Q1,zero_shot_active,profile_mae,204,0.3217111939853925,0.3592602479577194,0.10451769764615304,0.049160980150522025,0.1652332879053316,115,0,89,0.5637254901960784
heavy_atom_quartile,heavy_atoms_Q1,zero_shot_active,barrier_abs_error,204,0.20578512365028678,0.21871156184146628,0.059102674236075625,-0.0942588984681636,0.24882249920928512,50,107,47,0.24509803921568626
heavy_atom_quartile,heavy_atoms_Q1,learned_equal,profile_mae,204,0.3217111939853925,0.39547396322488704,0.18651738445180321,0.09762462024755696,0.28169151205496346,118,0,86,0.5784313725490197
heavy_atom_quartile,heavy_atoms_Q1,learned_equal,barrier_abs_error,204,0.20578512365028678,0.5000675444737691,0.5884853437812316,0.395029530663918,0.8238833537898674,144,35,25,0.7058823529411765
heavy_atom_quartile,heavy_atoms_Q2,zero_shot_active,profile_mae,282,0.35645808157628817,0.440165706395122,0.19017298168088603,-0.035689578614939155,0.33477089946893956,171,0,111,0.6063829787234043
heavy_atom_quartile,heavy_atoms_Q2,zero_shot_active,barrier_abs_error,282,0.18414519414691602,0.21627956596183248,0.14857793741174474,-0.4447880578895729,0.5236060335036882,79,148,55,0.2801418439716312
heavy_atom_quartile,heavy_atoms_Q2,learned_equal,profile_mae,282,0.35645808157628817,0.3582290966686888,0.004943805818315661,-0.24100496322618395,0.16227132775123407,155,0,127,0.549645390070922
heavy_atom_quartile,heavy_atoms_Q2,learned_equal,barrier_abs_error,282,0.18414519414691602,0.3878077732294871,0.5251637361122536,0.1770699434805459,0.7598642439731991,174,68,40,0.6170212765957447
heavy_atom_quartile,heavy_atoms_Q3,zero_shot_active,profile_mae,259,0.3200875497836243,0.42050355508390047,0.2387994205667079,0.1662542722779877,0.30612967280987513,175,0,84,0.6756756756756757
heavy_atom_quartile,heavy_atoms_Q3,zero_shot_active,barrier_abs_error,259,0.11816546674403573,0.1428655275230972,0.17289027806283208,-0.10623413570759986,0.38257971283519404,66,144,49,0.2548262548262548
heavy_atom_quartile,heavy_atoms_Q3,learned_equal,profile_mae,259,0.3200875497836243,0.3578663257007457,0.10556672479073292,0.01454830126185824,0.1829184627309152,141,1,117,0.5444015444015444
heavy_atom_quartile,heavy_atoms_Q3,learned_equal,barrier_abs_error,259,0.11816546674403573,0.35685919406288963,0.6688736938546935,0.5384312224768061,0.7786393167748743,164,58,37,0.6332046332046332
heavy_atom_quartile,heavy_atoms_Q4,zero_shot_active,profile_mae,255,0.35615685088977994,0.5640675857326923,0.3685918852664578,0.2733923608761709,0.45512346872370296,175,0,80,0.6862745098039216
heavy_atom_quartile,heavy_atoms_Q4,zero_shot_active,barrier_abs_error,255,0.10965909142312644,0.34156000687928756,0.678946336765119,0.4836224641379079,0.8061815858732932,81,129,45,0.3176470588235294
heavy_atom_quartile,heavy_atoms_Q4,learned_equal,profile_mae,255,0.35615685088977994,0.37393107196494946,0.04753341566874547,-0.03171633164154493,0.1195934073328618,132,0,123,0.5176470588235295
heavy_atom_quartile,heavy_atoms_Q4,learned_equal,barrier_abs_error,255,0.10965909142312644,0.38994549303598514,0.7187835392855616,0.6099494333321841,0.8053570133102874,165,53,37,0.6470588235294118
central_bond_class,C-C,zero_shot_active,profile_mae,475,0.30394440829367336,0.328529963177957,0.07483504593146117,-0.10170281361670705,0.1801416551996084,278,0,197,0.5852631578947368
central_bond_class,C-C,zero_shot_active,barrier_abs_error,475,0.11868017139700059,0.12324394524764719,0.03703041022807352,-0.5364652491847506,0.38812975807846156,109,277,89,0.2294736842105263
central_bond_class,C-C,learned_equal,profile_mae,475,0.30394440829367336,0.3272457149242071,0.07120431396918536,-0.10533228785196484,0.1870849758127532,271,0,204,0.5705263157894737
central_bond_class,C-C,learned_equal,barrier_abs_error,475,0.11868017139700059,0.33332216629602285,0.6439475576562739,0.40307405260368245,0.7901298691243052,307,107,61,0.6463157894736842
central_bond_class,C-N,zero_shot_active,profile_mae,368,0.3476304060656323,0.5965796309272557,0.41729420844403453,0.35166320124479067,0.47813339283636375,263,0,105,0.7146739130434783
central_bond_class,C-N,zero_shot_active,barrier_abs_error,368,0.11451730834737461,0.30791383887700186,0.6280865167832899,0.4638978450040155,0.7444317513788865,119,176,73,0.3233695652173913
central_bond_class,C-N,learned_equal,profile_mae,368,0.3476304060656323,0.37650148143128354,0.07668250136997301,0.021603010015875154,0.13013397688037084,184,1,183,0.5
central_bond_class,C-N,learned_equal,barrier_abs_error,368,0.11451730834737461,0.3811774873346836,0.6995695911945988,0.6028320105949834,0.7791133058002438,234,79,55,0.6358695652173914
central_bond_class,C-O,zero_shot_active,profile_mae,63,0.37549596585012596,0.4287943299268123,0.12429820162450256,0.064085131537482,0.24499249451661742,44,0,19,0.6984126984126984
central_bond_class,C-O,zero_shot_active,barrier_abs_error,63,0.41103361727979876,0.47926361101087234,0.14236422745962607,0.03393342434889361,0.7911276667055237,14,36,13,0.2222222222222222
central_bond_class,C-O,learned_equal,profile_mae,63,0.37549596585012596,0.38419925279842526,0.022653055374018627,-0.05565386140496243,0.11355979519756325,31,0,32,0.49206349206349204
central_bond_class,C-O,learned_equal,barrier_abs_error,63,0.41103361727979876,0.6594205042958767,0.3766744973775167,0.21187341973718435,0.9045205714243971,43,16,4,0.6825396825396826
central_bond_class,other_central_bonds,zero_shot_active,profile_mae,94,0.467181975831707,0.5059191004172029,0.07656782389427785,-0.019727664814846124,0.1749504291521929,51,0,43,0.5425531914893617
central_bond_class,other_central_bonds,zero_shot_active,barrier_abs_error,94,0.2985794191452646,0.29426803623981174,-0.014651210374541979,-0.37067985479849175,0.22711363469781887,34,39,21,0.3617021276595745
central_bond_class,other_central_bonds,learned_equal,profile_mae,94,0.467181975831707,0.5482796040850093,0.1479129036518534,-0.012068426303277374,0.2840103350188201,60,0,34,0.6382978723404256
central_bond_class,other_central_bonds,learned_equal,barrier_abs_error,94,0.2985794191452646,0.6712060320150453,0.5551598095015751,0.34277832467097796,0.7524948886221827,63,12,19,0.6702127659574468
formal_charge_class,negative,zero_shot_active,profile_mae,53,0.6529732940829528,0.7732573832577313,0.1555550477488129,-0.004067801573791206,0.3064187751299714,32,0,21,0.6037735849056604
formal_charge_class,negative,zero_shot_active,barrier_abs_error,53,0.5244240163024002,0.5855055829788376,0.1043227741154521,-0.21392221759264213,0.3696166006142726,18,20,15,0.33962264150943394
formal_charge_class,negative,learned_equal,profile_mae,53,0.6529732940829528,0.6468229505417938,-0.009508542540129783,-0.2591279144935555,0.18319656915622962,29,0,24,0.5471698113207547
formal_charge_class,negative,learned_equal,barrier_abs_error,53,0.5244240163024002,0.7651600790158112,0.31462182792267246,0.025024449575660013,0.5781087456271485,28,12,13,0.5283018867924528
formal_charge_class,neutral,zero_shot_active,profile_mae,897,0.32313321173912213,0.4367588801878652,0.26015651564970743,0.17816418921579255,0.3255020257849675,576,0,321,0.6421404682274248
formal_charge_class,neutral,zero_shot_active,barrier_abs_error,897,0.1349322024385837,0.21608611122900606,0.3755628176602993,0.15207241802159024,0.5668146600900806,242,489,166,0.2697881828316611
formal_charge_class,neutral,learned_equal,profile_mae,897,0.32313321173912213,0.3477140431505228,0.07069266224821358,-0.02184494940942359,0.13498252394351423,481,1,415,0.5362318840579711
formal_charge_class,neutral,learned_equal,barrier_abs_error,897,0.1349322024385837,0.3808619129709113,0.6457188344561793,0.514368300509752,0.7608737602511222,582,194,121,0.6488294314381271
formal_charge_class,positive,zero_shot_active,profile_mae,50,0.30829718863993677,0.34816236148382307,0.11450167293783875,-0.05662153550712158,0.2523092853684576,28,0,22,0.56
formal_charge_class,positive,zero_shot_active,barrier_abs_error,50,0.07296751444509075,0.09693863858599096,0.24728141936547043,-0.4649834199256406,0.57268035775319,16,19,15,0.32
formal_charge_class,positive,learned_equal,profile_mae,50,0.30829718863993677,0.47111964762536795,0.34560744771762697,0.20200704181331122,0.4614442780072178,36,0,14,0.72
formal_charge_class,positive,learned_equal,barrier_abs_error,50,0.07296751444509075,0.4210316597416695,0.8266935211241333,0.7329561960023911,0.8925128831185973,37,8,5,0.74
