analysis_type,accepted_count,coverage,distance_max,is_frozen_cutoff,comparator,metric,proposed_mean,comparator_mean,effect,ci_low,ci_high,bootstrap_repeats
relative_reduction,100,0.1,0.151481887129097,False,zero_shot_active,profile_mae,0.27034532102815684,0.3548418536428337,0.23812448206779724,0.08461415420736888,0.35947461572655887,5000
relative_reduction,100,0.1,0.151481887129097,False,zero_shot_active,barrier_abs_error,0.09792268374539409,0.12320536126838269,0.20520760835978902,-0.5727160514209046,0.6033150868460031,5000
joint_regression_rate,100,0.1,0.151481887129097,False,zero_shot_active,both_endpoints,,,0.15,0.08,0.22,5000
relative_reduction,100,0.1,0.151481887129097,False,learned_equal,profile_mae,0.27034532102815684,0.28563095884518924,0.053515339789609984,-0.062327668746367464,0.15922643478032245,5000
relative_reduction,100,0.1,0.151481887129097,False,learned_equal,barrier_abs_error,0.09792268374539409,0.2557201858656453,0.6170709660095336,0.429269640857502,0.7713946206196757,5000
joint_regression_rate,100,0.1,0.151481887129097,False,learned_equal,both_endpoints,,,0.09,0.04,0.15,5000
relative_reduction,200,0.2,0.1839342252165308,False,zero_shot_active,profile_mae,0.2764335531124627,0.3815670101431526,0.275530782892491,0.18863399214060061,0.35099919928137635,5000
relative_reduction,200,0.2,0.1839342252165308,False,zero_shot_active,barrier_abs_error,0.11402873232370661,0.17850874983155637,0.361214884809255,0.09346384194243171,0.5751710589056854,5000
joint_regression_rate,200,0.2,0.1839342252165308,False,zero_shot_active,both_endpoints,,,0.115,0.075,0.16,5000
relative_reduction,200,0.2,0.1839342252165308,False,learned_equal,profile_mae,0.2764335531124627,0.30100493728060834,0.08163116655205971,0.0022515929251499703,0.15564696272739728,5000
relative_reduction,200,0.2,0.1839342252165308,False,learned_equal,barrier_abs_error,0.11402873232370661,0.3052281758281764,0.6264147894790114,0.48494526222592876,0.7517547949590043,5000
joint_regression_rate,200,0.2,0.1839342252165308,False,learned_equal,both_endpoints,,,0.1,0.06,0.145,5000
relative_reduction,300,0.3,0.2080200448849682,False,zero_shot_active,profile_mae,0.3012132269582729,0.39231711020389365,0.23222000997680814,0.163448736639002,0.29322889487210896,5000
relative_reduction,300,0.3,0.2080200448849682,False,zero_shot_active,barrier_abs_error,0.11283773350760873,0.18923211633520312,0.4037072792245818,0.15854941502661635,0.5829361572171596,5000
joint_regression_rate,300,0.3,0.2080200448849682,False,zero_shot_active,both_endpoints,,,0.12666666666666668,0.09,0.16666666666666666,5000
relative_reduction,300,0.3,0.2080200448849682,False,learned_equal,profile_mae,0.3012132269582729,0.3258158061792157,0.07551069884992034,-0.004975834702342459,0.14906208880690885,5000
relative_reduction,300,0.3,0.2080200448849682,False,learned_equal,barrier_abs_error,0.11283773350760873,0.34754998471600046,0.6753337981015486,0.5682415652520817,0.7631510805117486,5000
joint_regression_rate,300,0.3,0.2080200448849682,False,learned_equal,both_endpoints,,,0.09666666666666666,0.06333333333333334,0.13,5000
relative_reduction,400,0.4,0.2286407128425199,False,zero_shot_active,profile_mae,0.29398436887001245,0.3778193980172664,0.22189180753345716,0.16421077952894284,0.2760371552191175,5000
relative_reduction,400,0.4,0.2286407128425199,False,zero_shot_active,barrier_abs_error,0.09956783241738222,0.17882688174050101,0.4432166380786814,0.2443996007571705,0.5881922385936647,5000
joint_regression_rate,400,0.4,0.2286407128425199,False,zero_shot_active,both_endpoints,,,0.13,0.0975,0.1625,5000
relative_reduction,400,0.4,0.2286407128425199,False,learned_equal,profile_mae,0.29398436887001245,0.3247608499235641,0.09476659843942148,0.03365159632194161,0.15332013672759517,5000
relative_reduction,400,0.4,0.2286407128425199,False,learned_equal,barrier_abs_error,0.09956783241738222,0.3223433367056759,0.6911124844863933,0.6050045995509061,0.764334967044802,5000
joint_regression_rate,400,0.4,0.2286407128425199,False,learned_equal,both_endpoints,,,0.09,0.0625,0.1175,5000
relative_reduction,500,0.5,0.2560710637374899,False,zero_shot_active,profile_mae,0.3011290393272734,0.3850964664695382,0.21804258011520017,0.1645403276221814,0.2663399470778042,5000
relative_reduction,500,0.5,0.2560710637374899,False,zero_shot_active,barrier_abs_error,0.10413399403027548,0.1778200423139734,0.41438550640760663,0.23492229538918089,0.5496561702431768,5000
joint_regression_rate,500,0.5,0.2560710637374899,False,zero_shot_active,both_endpoints,,,0.128,0.1,0.158,5000
relative_reduction,500,0.5,0.2560710637374899,False,learned_equal,profile_mae,0.3011290393272734,0.3301595515758978,0.08792873660646106,0.02954353005330548,0.14523021143640197,5000
relative_reduction,500,0.5,0.2560710637374899,False,learned_equal,barrier_abs_error,0.10413399403027548,0.3479158136575822,0.7006919779370423,0.6263600664289131,0.7667859872374108,5000
joint_regression_rate,500,0.5,0.2560710637374899,False,learned_equal,both_endpoints,,,0.092,0.068,0.118,5000
relative_reduction,600,0.6,0.2917868999648706,False,zero_shot_active,profile_mae,0.30972857693850375,0.3892125299131589,0.20421735392842988,0.15756107319638146,0.24661291360256826,5000
relative_reduction,600,0.6,0.2917868999648706,False,zero_shot_active,barrier_abs_error,0.10554004009172388,0.1768572799892492,0.4032474088816731,0.25387808866536293,0.5259314038969894,5000
joint_regression_rate,600,0.6,0.2917868999648706,False,zero_shot_active,both_endpoints,,,0.13333333333333333,0.10666666666666667,0.16166666666666665,5000
relative_reduction,600,0.6,0.2917868999648706,False,learned_equal,profile_mae,0.30972857693850375,0.33690353364118475,0.08066094293811521,0.029863489125972517,0.1300241542325554,5000
relative_reduction,600,0.6,0.2917868999648706,False,learned_equal,barrier_abs_error,0.10554004009172388,0.3563187747818055,0.7038044370343602,0.6362247619603558,0.7647006222561032,5000
joint_regression_rate,600,0.6,0.2917868999648706,False,learned_equal,both_endpoints,,,0.1,0.07666666666666666,0.125,5000
relative_reduction,700,0.7,0.3452925104361683,False,zero_shot_active,profile_mae,0.31370000237773227,0.400935743906931,0.21758035509412876,0.17162842575158765,0.26058474403336807,5000
relative_reduction,700,0.7,0.3452925104361683,False,zero_shot_active,barrier_abs_error,0.11269106339332573,0.17808695424743864,0.36721325899734447,0.22962309241123766,0.4853525004260174,5000
joint_regression_rate,700,0.7,0.3452925104361683,False,zero_shot_active,both_endpoints,,,0.13142857142857142,0.10714285714285714,0.15714285714285714,5000
relative_reduction,700,0.7,0.3452925104361683,False,learned_equal,profile_mae,0.31370000237773227,0.34910257446745263,0.10141022919617859,0.05192925658966398,0.14599593743987696,5000
relative_reduction,700,0.7,0.3452925104361683,False,learned_equal,barrier_abs_error,0.11269106339332573,0.37298865756915833,0.697869999244063,0.6334361547608428,0.7523874538660219,5000
joint_regression_rate,700,0.7,0.3452925104361683,False,learned_equal,both_endpoints,,,0.1,0.07857142857142857,0.12285714285714286,5000
relative_reduction,735,0.735,0.3649812454053676,True,zero_shot_active,profile_mae,0.3130851631250114,0.3986180208799423,0.2145734845758318,0.1714895133365903,0.25726690804284746,5000
relative_reduction,735,0.735,0.3649812454053676,True,zero_shot_active,barrier_abs_error,0.11470719887127281,0.17737617857992735,0.353311139130305,0.21922007839979796,0.4659506064967866,5000
joint_regression_rate,735,0.735,0.3649812454053676,True,zero_shot_active,both_endpoints,,,0.12789115646258503,0.10340136054421768,0.15374149659863945,5000
relative_reduction,735,0.735,0.3649812454053676,True,learned_equal,profile_mae,0.3130851631250114,0.3494899544335195,0.10416548700953598,0.05440280291403939,0.149099050926705,5000
relative_reduction,735,0.735,0.3649812454053676,True,learned_equal,barrier_abs_error,0.11470719887127281,0.37376123378024234,0.6931003311629789,0.6295157274992944,0.7497878275437069,5000
joint_regression_rate,735,0.735,0.3649812454053676,True,learned_equal,both_endpoints,,,0.09795918367346938,0.0775170068027211,0.11972789115646258,5000
relative_reduction,800,0.8,0.4275883799574004,False,zero_shot_active,profile_mae,0.32180209881444005,0.39894197648124274,0.19336114576659402,0.15077786611971764,0.23490338547443285,5000
relative_reduction,800,0.8,0.4275883799574004,False,zero_shot_active,barrier_abs_error,0.12376653866274148,0.1833442305539872,0.3249499136745543,0.2004608971593855,0.4372878561803894,5000
joint_regression_rate,800,0.8,0.4275883799574004,False,zero_shot_active,both_endpoints,,,0.13625,0.11375,0.16,5000
relative_reduction,800,0.8,0.4275883799574004,False,learned_equal,profile_mae,0.32180209881444005,0.35633975853494854,0.09692339654296855,0.0516236629545009,0.1412366095365991,5000
relative_reduction,800,0.8,0.4275883799574004,False,learned_equal,barrier_abs_error,0.12376653866274148,0.38253558016118944,0.6764574458391822,0.5993873869525674,0.7421140942729777,5000
joint_regression_rate,800,0.8,0.4275883799574004,False,learned_equal,both_endpoints,,,0.1,0.08,0.12125,5000
relative_reduction,900,0.9,0.5670403992441706,False,zero_shot_active,profile_mae,0.3199737317082183,0.39360075818803736,0.18706017442335499,0.14725151326535257,0.22478689497325258,5000
relative_reduction,900,0.9,0.5670403992441706,False,zero_shot_active,barrier_abs_error,0.12433600625267355,0.18074263413090474,0.31208258167454894,0.19907459649979964,0.41676240315693047,5000
joint_regression_rate,900,0.9,0.5670403992441706,False,zero_shot_active,both_endpoints,,,0.13777777777777778,0.11555555555555555,0.16111111111111112,5000
relative_reduction,900,0.9,0.5670403992441706,False,learned_equal,profile_mae,0.3199737317082183,0.3602209241520503,0.11172919101957435,0.06085450885299118,0.16140282821928076,5000
relative_reduction,900,0.9,0.5670403992441706,False,learned_equal,barrier_abs_error,0.12433600625267355,0.40990393817002946,0.696670378899608,0.6230509413679516,0.7541186297236341,5000
joint_regression_rate,900,0.9,0.5670403992441706,False,learned_equal,both_endpoints,,,0.09666666666666666,0.07777777777777778,0.11666666666666667,5000
relative_reduction,1000,1.0,5.358578301766242,False,zero_shot_active,profile_mae,0.3156665241399749,0.3880421173675842,0.1865147879271295,0.14837287653690392,0.22268064846088856,5000
relative_reduction,1000,1.0,5.358578301766242,False,zero_shot_active,barrier_abs_error,0.12263217235787621,0.18289880271569825,0.32950806381986963,0.21649442047977116,0.43135488934647437,5000
joint_regression_rate,1000,1.0,5.358578301766242,False,zero_shot_active,both_endpoints,,,0.143,0.121,0.16402499999999964,5000
relative_reduction,1000,1.0,5.358578301766242,False,learned_equal,profile_mae,0.3156665241399749,0.35742595939692373,0.11683380616060601,0.0685514731009673,0.16461562080798203,5000
relative_reduction,1000,1.0,5.358578301766242,False,learned_equal,barrier_abs_error,0.12263217235787621,0.41483576591130916,0.7043838009278721,0.6405543926998668,0.7579476127675903,5000
joint_regression_rate,1000,1.0,5.358578301766242,False,learned_equal,both_endpoints,,,0.095,0.078,0.113,5000
