"cohort","profile_id","method","profile_mae","barrier_abs_error"
"E018_exposed_development","019bf8a0386c3d26732ddad345b3ab91","equal_spacing_interpolation","0.29888064923256435","0.014074463746510446"
"E018_exposed_development","019bf8a0386c3d26732ddad345b3ab91","learned_active","0.20141679496124207","0.07909533891065745"
"E018_exposed_development","019bf8a0386c3d26732ddad345b3ab91","learned_equal","0.17198264810706554","0.017930741378602733"
"E018_exposed_development","019bf8a0386c3d26732ddad345b3ab91","learned_variance","0.1250769476927512","0.06082632368890195"
"E018_exposed_development","019bf8a0386c3d26732ddad345b3ab91","path_gp_active","1.0696622749702664","0.029086802764488162"
"E018_exposed_development","019bf8a0386c3d26732ddad345b3ab91","path_gp_variance","0.6509359464647545","0.0009213927998414917"
"E018_exposed_development","019bf8a0386c3d26732ddad345b3ab91","random_path_gp","0.6612291353224273","0.35456458871292784"
"E018_exposed_development","019bf8a0386c3d26732ddad345b3ab91","zero_shot_active","0.5073215634639942","0.07794833526475209"
"E018_exposed_development","0bf9575e46a2e3f6e9fa0b2cf10fc5da","equal_spacing_interpolation","0.4794070796633603","0.0"
"E018_exposed_development","0bf9575e46a2e3f6e9fa0b2cf10fc5da","learned_active","0.562939552100305","0.0"
"E018_exposed_development","0bf9575e46a2e3f6e9fa0b2cf10fc5da","learned_equal","0.33651944876057044","0.0"
"E018_exposed_development","0bf9575e46a2e3f6e9fa0b2cf10fc5da","learned_variance","0.4800767915675892","0.0"
"E018_exposed_development","0bf9575e46a2e3f6e9fa0b2cf10fc5da","path_gp_active","1.4561623648878361","1.7653366286540404"
"E018_exposed_development","0bf9575e46a2e3f6e9fa0b2cf10fc5da","path_gp_variance","1.764272594711872","0.2126850624262957"
"E018_exposed_development","0bf9575e46a2e3f6e9fa0b2cf10fc5da","random_path_gp","1.7678764476839715","0.9847881978110268"
"E018_exposed_development","0bf9575e46a2e3f6e9fa0b2cf10fc5da","zero_shot_active","0.4231777475855272","0.0"
"E018_exposed_development","0d6c4beef4c7fc6bfa0ca757d6ae6500","equal_spacing_interpolation","1.648680526582514","0.5503508946858346"
"E018_exposed_development","0d6c4beef4c7fc6bfa0ca757d6ae6500","learned_active","0.8578412990264862","4.629779141396284e-05"
"E018_exposed_development","0d6c4beef4c7fc6bfa0ca757d6ae6500","learned_equal","0.8010247230220751","0.5201436590513566"
"E018_exposed_development","0d6c4beef4c7fc6bfa0ca757d6ae6500","learned_variance","0.7983224768824025","0.5181948890169643"
"E018_exposed_development","0d6c4beef4c7fc6bfa0ca757d6ae6500","path_gp_active","1.0656589698325156","0.5503508946858346"
"E018_exposed_development","0d6c4beef4c7fc6bfa0ca757d6ae6500","path_gp_variance","0.7657225818016267","0.3227572452989822"
"E018_exposed_development","0d6c4beef4c7fc6bfa0ca757d6ae6500","random_path_gp","2.48103781289843","2.838060027378424"
"E018_exposed_development","0d6c4beef4c7fc6bfa0ca757d6ae6500","zero_shot_active","0.16903636667762123","0.0"
"E018_exposed_development","2e8cf4b316f119e7b61631949a6b6315","equal_spacing_interpolation","1.7805105223766677","0.0"
"E018_exposed_development","2e8cf4b316f119e7b61631949a6b6315","learned_active","1.129179080400121","0.43013937666546553"
"E018_exposed_development","2e8cf4b316f119e7b61631949a6b6315","learned_equal","0.9375528698576372","0.8186725093389882"
"E018_exposed_development","2e8cf4b316f119e7b61631949a6b6315","learned_variance","0.9851717856885607","0.884936152194669"
"E018_exposed_development","2e8cf4b316f119e7b61631949a6b6315","path_gp_active","2.675688705673783","3.2817065703566186"
"E018_exposed_development","2e8cf4b316f119e7b61631949a6b6315","path_gp_variance","1.3892520720149868","0.25871243852853354"
"E018_exposed_development","2e8cf4b316f119e7b61631949a6b6315","random_path_gp","2.831817517084801","2.479674977461512"
"E018_exposed_development","2e8cf4b316f119e7b61631949a6b6315","zero_shot_active","1.2573933256098229","0.43013937666546553"
"E018_exposed_development","2f800eaba2b36de13c12560074d94dcf","equal_spacing_interpolation","1.0918214741426102","1.230438356695231"
"E018_exposed_development","2f800eaba2b36de13c12560074d94dcf","learned_active","0.14228408181812482","0.0"
"E018_exposed_development","2f800eaba2b36de13c12560074d94dcf","learned_equal","0.3060166878302512","0.1982568976975312"
"E018_exposed_development","2f800eaba2b36de13c12560074d94dcf","learned_variance","0.20604727795975522","0.022847593131827715"
"E018_exposed_development","2f800eaba2b36de13c12560074d94dcf","path_gp_active","0.635526755327476","0.8537085693561854"
"E018_exposed_development","2f800eaba2b36de13c12560074d94dcf","path_gp_variance","0.9617475243069405","1.154245310388196"
"E018_exposed_development","2f800eaba2b36de13c12560074d94dcf","random_path_gp","0.9109830410008527","1.0294271445112115"
"E018_exposed_development","2f800eaba2b36de13c12560074d94dcf","zero_shot_active","0.1879326823343298","0.0"
"E018_exposed_development","351ed12a027743dbd735d19d7ec41fe4","equal_spacing_interpolation","0.762364951821736","0.31467261898797005"
"E018_exposed_development","351ed12a027743dbd735d19d7ec41fe4","learned_active","1.092474044439735","0.0"
"E018_exposed_development","351ed12a027743dbd735d19d7ec41fe4","learned_equal","0.8550322493929596","2.260565248507074"
"E018_exposed_development","351ed12a027743dbd735d19d7ec41fe4","learned_variance","1.0672991226791908","0.9229025444173864"
"E018_exposed_development","351ed12a027743dbd735d19d7ec41fe4","path_gp_active","1.528488094646742","0.31467261898797005"
"E018_exposed_development","351ed12a027743dbd735d19d7ec41fe4","path_gp_variance","1.5233853304140006","0.18988453313487952"
"E018_exposed_development","351ed12a027743dbd735d19d7ec41fe4","random_path_gp","1.3136268197334706","0.6203806662733324"
"E018_exposed_development","351ed12a027743dbd735d19d7ec41fe4","zero_shot_active","1.343429006067213","0.5327180022086928"
"E018_exposed_development","38d6c5bbbaa0568d97089af9e1567a19","equal_spacing_interpolation","0.45288074885360813","0.0"
"E018_exposed_development","38d6c5bbbaa0568d97089af9e1567a19","learned_active","0.1401672841555214","0.0986374592982262"
"E018_exposed_development","38d6c5bbbaa0568d97089af9e1567a19","learned_equal","0.1269432116773979","0.07643397186533818"
"E018_exposed_development","38d6c5bbbaa0568d97089af9e1567a19","learned_variance","0.14927062986808362","0.1328599574767626"
"E018_exposed_development","38d6c5bbbaa0568d97089af9e1567a19","path_gp_active","0.6577141621714384","0.0"
"E018_exposed_development","38d6c5bbbaa0568d97089af9e1567a19","path_gp_variance","0.5962338167736557","0.08810480190681247"
"E018_exposed_development","38d6c5bbbaa0568d97089af9e1567a19","random_path_gp","0.6180789402663752","1.2952949773458955"
"E018_exposed_development","38d6c5bbbaa0568d97089af9e1567a19","zero_shot_active","0.09665348231933567","0.058263929463063135"
"E018_exposed_development","3c04fc6f1585062c0e75f1c3bfad71bd","equal_spacing_interpolation","0.5030539505629954","0.15364482867880724"
"E018_exposed_development","3c04fc6f1585062c0e75f1c3bfad71bd","learned_active","0.32292015970993293","0.0147619852230374"
"E018_exposed_development","3c04fc6f1585062c0e75f1c3bfad71bd","learned_equal","0.5096954332797525","0.3282506932802667"
"E018_exposed_development","3c04fc6f1585062c0e75f1c3bfad71bd","learned_variance","0.29992708236311644","0.09423423621265048"
"E018_exposed_development","3c04fc6f1585062c0e75f1c3bfad71bd","path_gp_active","0.3171336221310106","0.4126034337999567"
"E018_exposed_development","3c04fc6f1585062c0e75f1c3bfad71bd","path_gp_variance","0.28105232551940434","0.15402478107716888"
"E018_exposed_development","3c04fc6f1585062c0e75f1c3bfad71bd","random_path_gp","0.7323502558207508","1.6423033369690643"
"E018_exposed_development","3c04fc6f1585062c0e75f1c3bfad71bd","zero_shot_active","0.23720629097417448","0.0"
"E018_exposed_development","424dc860df81d8e0d5d3f6dfe159976c","equal_spacing_interpolation","0.5917807039505635","0.3151416486944072"
"E018_exposed_development","424dc860df81d8e0d5d3f6dfe159976c","learned_active","0.09010415908046494","0.0"
"E018_exposed_development","424dc860df81d8e0d5d3f6dfe159976c","learned_equal","0.16272068976155446","0.011826649892172192"
"E018_exposed_development","424dc860df81d8e0d5d3f6dfe159976c","learned_variance","0.12495431959622867","0.06793068055332974"
"E018_exposed_development","424dc860df81d8e0d5d3f6dfe159976c","path_gp_active","0.21098123457184578","0.23576559724916635"
"E018_exposed_development","424dc860df81d8e0d5d3f6dfe159976c","path_gp_variance","0.30797178479957066","0.11760773898547949"
"E018_exposed_development","424dc860df81d8e0d5d3f6dfe159976c","random_path_gp","0.6962959483182016","1.9312645743906736"
"E018_exposed_development","424dc860df81d8e0d5d3f6dfe159976c","zero_shot_active","0.07607313243964943","0.0"
"E018_exposed_development","47ed04edfe56f245f9dcdfca7f44b94a","equal_spacing_interpolation","0.723451481967964","1.2015555795514956"
"E018_exposed_development","47ed04edfe56f245f9dcdfca7f44b94a","learned_active","0.6286344120944053","0.021922230780462293"
"E018_exposed_development","47ed04edfe56f245f9dcdfca7f44b94a","learned_equal","1.3498732543056307","1.9556417403200292"
"E018_exposed_development","47ed04edfe56f245f9dcdfca7f44b94a","learned_variance","1.2561144438342995","1.8735324855592657"
"E018_exposed_development","47ed04edfe56f245f9dcdfca7f44b94a","path_gp_active","1.5955989485529196","1.3410271820612252"
"E018_exposed_development","47ed04edfe56f245f9dcdfca7f44b94a","path_gp_variance","1.0055631445706232","1.0333755476089932"
"E018_exposed_development","47ed04edfe56f245f9dcdfca7f44b94a","random_path_gp","0.7918433559012109","0.6268688341652369"
"E018_exposed_development","47ed04edfe56f245f9dcdfca7f44b94a","zero_shot_active","0.8971551653220269","0.1697620808041851"
"E018_exposed_development","501342f57224d0bcdd7fa58e253bc017","equal_spacing_interpolation","0.3308968261780036","0.251346884528175"
"E018_exposed_development","501342f57224d0bcdd7fa58e253bc017","learned_active","0.4391711420756907","0.2856717553222552"
"E018_exposed_development","501342f57224d0bcdd7fa58e253bc017","learned_equal","0.2773687232602403","0.013633159034592168"
"E018_exposed_development","501342f57224d0bcdd7fa58e253bc017","learned_variance","0.44061077436519286","0.11018017720342588"
"E018_exposed_development","501342f57224d0bcdd7fa58e253bc017","path_gp_active","0.6936190816994565","0.251346884528175"
"E018_exposed_development","501342f57224d0bcdd7fa58e253bc017","path_gp_variance","0.3557954152765949","0.18510293732639838"
"E018_exposed_development","501342f57224d0bcdd7fa58e253bc017","random_path_gp","0.6340123949210325","0.6510222222480497"
"E018_exposed_development","501342f57224d0bcdd7fa58e253bc017","zero_shot_active","0.5525302450891533","0.6921409796142752"
"E018_exposed_development","59cb084cc624169a112aed29c52794ca","equal_spacing_interpolation","1.0853233518808134","1.252241752226837"
"E018_exposed_development","59cb084cc624169a112aed29c52794ca","learned_active","0.7518985217324247","1.725321354450947"
"E018_exposed_development","59cb084cc624169a112aed29c52794ca","learned_equal","1.835420317529957","1.91725338986007"
"E018_exposed_development","59cb084cc624169a112aed29c52794ca","learned_variance","1.986179843580454","2.630235556476258"
"E018_exposed_development","59cb084cc624169a112aed29c52794ca","path_gp_active","0.9762362379723905","0.7605506599714866"
"E018_exposed_development","59cb084cc624169a112aed29c52794ca","path_gp_variance","0.8473937661099183","0.6047043578555309"
"E018_exposed_development","59cb084cc624169a112aed29c52794ca","random_path_gp","1.2339464294193303","1.1362936677858386"
"E018_exposed_development","59cb084cc624169a112aed29c52794ca","zero_shot_active","0.7270276251456252","1.4517470183714432"
"E018_exposed_development","60d3fd5b0f8954883a4125da4cb682c0","equal_spacing_interpolation","0.45429444454081636","0.1408442216052208"
"E018_exposed_development","60d3fd5b0f8954883a4125da4cb682c0","learned_active","0.19801682267926402","0.09486234655223136"
"E018_exposed_development","60d3fd5b0f8954883a4125da4cb682c0","learned_equal","0.07211025402316294","0.05276118751389047"
"E018_exposed_development","60d3fd5b0f8954883a4125da4cb682c0","learned_variance","0.07512694551814833","0.056494708388820314"
"E018_exposed_development","60d3fd5b0f8954883a4125da4cb682c0","path_gp_active","0.44589013220849233","0.15612726454855874"
"E018_exposed_development","60d3fd5b0f8954883a4125da4cb682c0","path_gp_variance","0.6928064094831758","0.4296335781982634"
"E018_exposed_development","60d3fd5b0f8954883a4125da4cb682c0","random_path_gp","0.4312126725632477","0.17766032230068546"
"E018_exposed_development","60d3fd5b0f8954883a4125da4cb682c0","zero_shot_active","0.16435919365157675","0.02370543472155484"
"E018_exposed_development","787cfe4adead3328ceb7a3fdc544ccfd","equal_spacing_interpolation","0.4957272120243741","0.004532451392151415"
"E018_exposed_development","787cfe4adead3328ceb7a3fdc544ccfd","learned_active","0.45128899979301546","0.1200153810204938"
"E018_exposed_development","787cfe4adead3328ceb7a3fdc544ccfd","learned_equal","0.2438054249072381","0.16772610914008856"
"E018_exposed_development","787cfe4adead3328ceb7a3fdc544ccfd","learned_variance","0.29362962847981305","0.004532451392151415"
"E018_exposed_development","787cfe4adead3328ceb7a3fdc544ccfd","path_gp_active","0.7371125648577648","0.007086773499775045"
"E018_exposed_development","787cfe4adead3328ceb7a3fdc544ccfd","path_gp_variance","0.8039759902652334","0.004532451392151415"
"E018_exposed_development","787cfe4adead3328ceb7a3fdc544ccfd","random_path_gp","0.8866730542358325","0.9837809555447169"
"E018_exposed_development","787cfe4adead3328ceb7a3fdc544ccfd","zero_shot_active","0.6798555415368114","0.1200153810204938"
"E018_exposed_development","815658824644cde051068cc44e72a5c5","equal_spacing_interpolation","0.2971411127186406","0.0"
"E018_exposed_development","815658824644cde051068cc44e72a5c5","learned_active","0.9852986521181569","1.964363154600866"
"E018_exposed_development","815658824644cde051068cc44e72a5c5","learned_equal","0.27394271994480573","0.6215052542680768"
"E018_exposed_development","815658824644cde051068cc44e72a5c5","learned_variance","0.18755157416284293","0.5466326340593373"
"E018_exposed_development","815658824644cde051068cc44e72a5c5","path_gp_active","0.5223433639099325","0.0"
"E018_exposed_development","815658824644cde051068cc44e72a5c5","path_gp_variance","0.4459144507214814","0.08482982867072675"
"E018_exposed_development","815658824644cde051068cc44e72a5c5","random_path_gp","0.5324533177212916","0.35127378960750216"
"E018_exposed_development","815658824644cde051068cc44e72a5c5","zero_shot_active","1.6579085760704373","2.66829965835515"
"E018_exposed_development","826ddda52a29e8c5a48fe167c5bd0a69","equal_spacing_interpolation","0.34585682026146164","0.012789478176273406"
"E018_exposed_development","826ddda52a29e8c5a48fe167c5bd0a69","learned_active","0.11111844625964092","0.0"
"E018_exposed_development","826ddda52a29e8c5a48fe167c5bd0a69","learned_equal","0.17414555310670346","0.1406613367149916"
"E018_exposed_development","826ddda52a29e8c5a48fe167c5bd0a69","learned_variance","0.1855478047412089","0.11167488369075684"
"E018_exposed_development","826ddda52a29e8c5a48fe167c5bd0a69","path_gp_active","0.5947925170771046","0.08711005935702598"
"E018_exposed_development","826ddda52a29e8c5a48fe167c5bd0a69","path_gp_variance","0.43225178042199125","0.08694016677071126"
"E018_exposed_development","826ddda52a29e8c5a48fe167c5bd0a69","random_path_gp","0.44244439206084324","0.929013144791953"
"E018_exposed_development","826ddda52a29e8c5a48fe167c5bd0a69","zero_shot_active","0.16396999080821267","0.07545695707602373"
"E018_exposed_development","9ed615d87917b02f540d4d81ce397036","equal_spacing_interpolation","0.2958767892171939","0.8029760746285319"
"E018_exposed_development","9ed615d87917b02f540d4d81ce397036","learned_active","0.23490725677629673","0.0"
"E018_exposed_development","9ed615d87917b02f540d4d81ce397036","learned_equal","0.22391006832332686","0.40047354514313493"
"E018_exposed_development","9ed615d87917b02f540d4d81ce397036","learned_variance","0.22587015315514872","0.3507682042335851"
"E018_exposed_development","9ed615d87917b02f540d4d81ce397036","path_gp_active","0.5927225878109544","1.00615659262985"
"E018_exposed_development","9ed615d87917b02f540d4d81ce397036","path_gp_variance","0.5846676935469046","0.7099551790785266"
"E018_exposed_development","9ed615d87917b02f540d4d81ce397036","random_path_gp","0.6666497660049016","0.5474015864898011"
"E018_exposed_development","9ed615d87917b02f540d4d81ce397036","zero_shot_active","0.2933979242596347","0.0"
"E018_exposed_development","a63066868938a7365982a1bdd4cbd994","equal_spacing_interpolation","0.9376147980300525","0.0"
"E018_exposed_development","a63066868938a7365982a1bdd4cbd994","learned_active","0.6738532399656237","0.15410229589393154"
"E018_exposed_development","a63066868938a7365982a1bdd4cbd994","learned_equal","0.1796603336058694","0.0"
"E018_exposed_development","a63066868938a7365982a1bdd4cbd994","learned_variance","0.1578490341390434","0.0"
"E018_exposed_development","a63066868938a7365982a1bdd4cbd994","path_gp_active","2.102794056739192","3.097914868791122"
"E018_exposed_development","a63066868938a7365982a1bdd4cbd994","path_gp_variance","1.0344434528632105","0.11267993204159765"
"E018_exposed_development","a63066868938a7365982a1bdd4cbd994","random_path_gp","1.7017174604446343","1.3106530503319618"
"E018_exposed_development","a63066868938a7365982a1bdd4cbd994","zero_shot_active","0.5971053798937315","0.0"
"E018_exposed_development","be5b00ff8ccf1f9c40beb9346a5baca6","equal_spacing_interpolation","0.7832348710964855","0.37047772845835425"
"E018_exposed_development","be5b00ff8ccf1f9c40beb9346a5baca6","learned_active","0.13990006510805617","0.0"
"E018_exposed_development","be5b00ff8ccf1f9c40beb9346a5baca6","learned_equal","0.34339956656167264","0.2055669863423617"
"E018_exposed_development","be5b00ff8ccf1f9c40beb9346a5baca6","learned_variance","0.4516752780757007","0.3568475820091628"
"E018_exposed_development","be5b00ff8ccf1f9c40beb9346a5baca6","path_gp_active","0.5381093374627445","0.0"
"E018_exposed_development","be5b00ff8ccf1f9c40beb9346a5baca6","path_gp_variance","0.6652631730228283","0.11154840337681726"
"E018_exposed_development","be5b00ff8ccf1f9c40beb9346a5baca6","random_path_gp","0.9668253745553796","1.5653993799632977"
"E018_exposed_development","be5b00ff8ccf1f9c40beb9346a5baca6","zero_shot_active","0.1492036849309358","0.0"
"E018_exposed_development","c64d686c231ba3a8221074bd4d1ce0d2","equal_spacing_interpolation","0.2226155485752516","0.3848133077262901"
"E018_exposed_development","c64d686c231ba3a8221074bd4d1ce0d2","learned_active","0.547715152114697","0.2699233042733047"
"E018_exposed_development","c64d686c231ba3a8221074bd4d1ce0d2","learned_equal","0.3253634791083279","0.14540147961275007"
"E018_exposed_development","c64d686c231ba3a8221074bd4d1ce0d2","learned_variance","0.34257194031735033","0.08574034673919684"
"E018_exposed_development","c64d686c231ba3a8221074bd4d1ce0d2","path_gp_active","0.5997570689073962","0.3848133077262901"
"E018_exposed_development","c64d686c231ba3a8221074bd4d1ce0d2","path_gp_variance","0.6072996393406801","0.31580073668215913"
"E018_exposed_development","c64d686c231ba3a8221074bd4d1ce0d2","random_path_gp","0.5101206042484763","0.7039318212687451"
"E018_exposed_development","c64d686c231ba3a8221074bd4d1ce0d2","zero_shot_active","0.29435787067904123","0.0"
"E018_exposed_development","c9656a518c1104779cbade82c3b6986b","equal_spacing_interpolation","1.3994151363444367","1.2151693749474362"
"E018_exposed_development","c9656a518c1104779cbade82c3b6986b","learned_active","0.7512321373461065","1.4961215794901364"
"E018_exposed_development","c9656a518c1104779cbade82c3b6986b","learned_equal","0.9979908511260606","1.6407900247718015"
"E018_exposed_development","c9656a518c1104779cbade82c3b6986b","learned_variance","0.4638867947162639","0.42435817224158434"
"E018_exposed_development","c9656a518c1104779cbade82c3b6986b","path_gp_active","0.8128712705446223","0.5982888022917194"
"E018_exposed_development","c9656a518c1104779cbade82c3b6986b","path_gp_variance","0.9473581514723266","0.30274031613229546"
"E018_exposed_development","c9656a518c1104779cbade82c3b6986b","random_path_gp","0.9529476464118275","0.6182923288781824"
"E018_exposed_development","c9656a518c1104779cbade82c3b6986b","zero_shot_active","0.7656087524894977","1.4961215794901364"
"E018_exposed_development","dcbf40a60375e4cd406eba4995f82e8a","equal_spacing_interpolation","0.6331316687598397","0.18807342508807778"
"E018_exposed_development","dcbf40a60375e4cd406eba4995f82e8a","learned_active","0.508449094471529","0.47507039982812405"
"E018_exposed_development","dcbf40a60375e4cd406eba4995f82e8a","learned_equal","0.7303622791408156","1.578237615297601"
"E018_exposed_development","dcbf40a60375e4cd406eba4995f82e8a","learned_variance","0.753126914911562","1.646723323757044"
"E018_exposed_development","dcbf40a60375e4cd406eba4995f82e8a","path_gp_active","1.0670722169985787","1.3988242055056617"
"E018_exposed_development","dcbf40a60375e4cd406eba4995f82e8a","path_gp_variance","0.6038042325058582","0.0"
"E018_exposed_development","dcbf40a60375e4cd406eba4995f82e8a","random_path_gp","0.576287954372394","0.30575700913022474"
"E018_exposed_development","dcbf40a60375e4cd406eba4995f82e8a","zero_shot_active","0.44893563809782266","0.18807342508807778"
"E018_exposed_development","e0c7bdbf9e56a21c39be63f5352d8083","equal_spacing_interpolation","1.0204369205295938","0.576300584099954"
"E018_exposed_development","e0c7bdbf9e56a21c39be63f5352d8083","learned_active","0.4204828144318106","0.3781086069648154"
"E018_exposed_development","e0c7bdbf9e56a21c39be63f5352d8083","learned_equal","0.4273715777874274","0.025142579624103156"
"E018_exposed_development","e0c7bdbf9e56a21c39be63f5352d8083","learned_variance","0.41744172081568615","0.15370812948083135"
"E018_exposed_development","e0c7bdbf9e56a21c39be63f5352d8083","path_gp_active","0.6833519906665882","0.5463010708532563"
"E018_exposed_development","e0c7bdbf9e56a21c39be63f5352d8083","path_gp_variance","0.8022692172620675","0.20627687441415699"
"E018_exposed_development","e0c7bdbf9e56a21c39be63f5352d8083","random_path_gp","0.90910837789243","0.9064526861941096"
"E018_exposed_development","e0c7bdbf9e56a21c39be63f5352d8083","zero_shot_active","0.7440188858280044","0.7973725618503522"
"E018_exposed_development","ff3932d35918c4356fcf9f69db117483","equal_spacing_interpolation","1.0387324822931985","1.5743909215962049"
"E018_exposed_development","ff3932d35918c4356fcf9f69db117483","learned_active","0.39515456791245035","0.0075960913964081556"
"E018_exposed_development","ff3932d35918c4356fcf9f69db117483","learned_equal","0.9944508299609128","0.05720588977685548"
"E018_exposed_development","ff3932d35918c4356fcf9f69db117483","learned_variance","0.9543717574621673","0.9390521276409736"
"E018_exposed_development","ff3932d35918c4356fcf9f69db117483","path_gp_active","0.5677097171768114","0.4546540965628205"
"E018_exposed_development","ff3932d35918c4356fcf9f69db117483","path_gp_variance","0.5359595120999224","0.32630164340879375"
"E018_exposed_development","ff3932d35918c4356fcf9f69db117483","random_path_gp","0.9296988904435821","0.7925614294770958"
"E018_exposed_development","ff3932d35918c4356fcf9f69db117483","zero_shot_active","0.9616829042996659","1.05025228491008"
"E019_exposed_development","3180037b115ad672bc53cd0a0f3272ae","equal_spacing_interpolation","0.6678133351213345","0.0"
"E019_exposed_development","3180037b115ad672bc53cd0a0f3272ae","learned_active","0.309318914276502","0.0"
"E019_exposed_development","3180037b115ad672bc53cd0a0f3272ae","learned_equal","0.2729677473677515","0.15258948003558537"
"E019_exposed_development","3180037b115ad672bc53cd0a0f3272ae","learned_variance","0.2916835631324453","0.1590966931972666"
"E019_exposed_development","3180037b115ad672bc53cd0a0f3272ae","path_gp_active","0.33190872855462283","0.16256301516376492"
"E019_exposed_development","3180037b115ad672bc53cd0a0f3272ae","path_gp_variance","0.5887132979905438","0.15220212768807695"
"E019_exposed_development","3180037b115ad672bc53cd0a0f3272ae","random_path_gp","0.8706355769509828","0.8516828399219755"
"E019_exposed_development","3180037b115ad672bc53cd0a0f3272ae","zero_shot_active","0.3806757734151353","1.2034626770603527"
"E019_exposed_development","62f5ab536d439f3bbcf94c5537ddaee2","equal_spacing_interpolation","0.6196254402711928","0.0"
"E019_exposed_development","62f5ab536d439f3bbcf94c5537ddaee2","learned_active","1.277683425324303","0.0"
"E019_exposed_development","62f5ab536d439f3bbcf94c5537ddaee2","learned_equal","0.43575678835578974","0.0"
"E019_exposed_development","62f5ab536d439f3bbcf94c5537ddaee2","learned_variance","0.6238678413691938","0.27195722498712627"
"E019_exposed_development","62f5ab536d439f3bbcf94c5537ddaee2","path_gp_active","1.7874658536639423","1.8948293171124533"
"E019_exposed_development","62f5ab536d439f3bbcf94c5537ddaee2","path_gp_variance","2.1758191285891435","0.22299780611591657"
"E019_exposed_development","62f5ab536d439f3bbcf94c5537ddaee2","random_path_gp","2.0925482762185834","1.8154508073293498"
"E019_exposed_development","62f5ab536d439f3bbcf94c5537ddaee2","zero_shot_active","0.3563849683497137","0.0"
"E019_exposed_development","65ce2bf45b92b17f06e8008eeadbc9b1","equal_spacing_interpolation","0.8515130878371968","0.7721023263875395"
"E019_exposed_development","65ce2bf45b92b17f06e8008eeadbc9b1","learned_active","0.7851021631215058","0.7717414932438524"
"E019_exposed_development","65ce2bf45b92b17f06e8008eeadbc9b1","learned_equal","0.5451140353734304","0.46919196997952106"
"E019_exposed_development","65ce2bf45b92b17f06e8008eeadbc9b1","learned_variance","0.7880768747584513","1.5004505430113593"
"E019_exposed_development","65ce2bf45b92b17f06e8008eeadbc9b1","path_gp_active","0.3766859171772064","0.25331279416492203"
"E019_exposed_development","65ce2bf45b92b17f06e8008eeadbc9b1","path_gp_variance","0.46177824984339794","0.18604769235959928"
"E019_exposed_development","65ce2bf45b92b17f06e8008eeadbc9b1","random_path_gp","0.5225803460566201","0.43784448713784085"
"E019_exposed_development","65ce2bf45b92b17f06e8008eeadbc9b1","zero_shot_active","0.3723355435168676","1.530776381072629"
"E019_exposed_development","902ace8ddcb1e626cb9ead79c0ef8f78","equal_spacing_interpolation","1.586075648148027","1.0724150051828474"
"E019_exposed_development","902ace8ddcb1e626cb9ead79c0ef8f78","learned_active","0.529517790016932","0.39710753061808646"
"E019_exposed_development","902ace8ddcb1e626cb9ead79c0ef8f78","learned_equal","0.3933803585962024","0.3180802922484851"
"E019_exposed_development","902ace8ddcb1e626cb9ead79c0ef8f78","learned_variance","0.403083765524467","0.35269711559863026"
"E019_exposed_development","902ace8ddcb1e626cb9ead79c0ef8f78","path_gp_active","0.9235428528115955","0.651642126813682"
"E019_exposed_development","902ace8ddcb1e626cb9ead79c0ef8f78","path_gp_variance","1.2705781074365043","0.3123372101243982"
"E019_exposed_development","902ace8ddcb1e626cb9ead79c0ef8f78","random_path_gp","1.069384958927192","0.49529028105142264"
"E019_exposed_development","902ace8ddcb1e626cb9ead79c0ef8f78","zero_shot_active","0.4254345154766978","0.0"
"E019_exposed_development","c24c6d9caecb5d1188c5f052603b16aa","equal_spacing_interpolation","0.22156015021391784","0.0"
"E019_exposed_development","c24c6d9caecb5d1188c5f052603b16aa","learned_active","0.12883106238794415","0.0008838686392174111"
"E019_exposed_development","c24c6d9caecb5d1188c5f052603b16aa","learned_equal","0.15310069546093857","0.044206030713378475"
"E019_exposed_development","c24c6d9caecb5d1188c5f052603b16aa","learned_variance","0.14516550132176761","0.033844281556362876"
"E019_exposed_development","c24c6d9caecb5d1188c5f052603b16aa","path_gp_active","0.46589308430704524","0.0"
"E019_exposed_development","c24c6d9caecb5d1188c5f052603b16aa","path_gp_variance","0.3803106313980633","0.056463039050849595"
"E019_exposed_development","c24c6d9caecb5d1188c5f052603b16aa","random_path_gp","0.5114924986629741","0.3311466584286194"
"E019_exposed_development","c24c6d9caecb5d1188c5f052603b16aa","zero_shot_active","0.39549244202651296","0.006328203773591667"
"E019_exposed_development","c3df0e8a0c1fa8bf25ff9f8311db6e25","equal_spacing_interpolation","0.729056631323652","0.48091671767178923"
"E019_exposed_development","c3df0e8a0c1fa8bf25ff9f8311db6e25","learned_active","0.30303428489398826","0.060357601020559315"
"E019_exposed_development","c3df0e8a0c1fa8bf25ff9f8311db6e25","learned_equal","0.5019271704563586","0.38199709016520433"
"E019_exposed_development","c3df0e8a0c1fa8bf25ff9f8311db6e25","learned_variance","0.5318836479906976","0.48091671767178923"
"E019_exposed_development","c3df0e8a0c1fa8bf25ff9f8311db6e25","path_gp_active","0.5132261868389317","0.1311622957271421"
"E019_exposed_development","c3df0e8a0c1fa8bf25ff9f8311db6e25","path_gp_variance","0.6752742493300213","0.0970621924176589"
"E019_exposed_development","c3df0e8a0c1fa8bf25ff9f8311db6e25","random_path_gp","0.9369282834190656","0.9688845782084174"
"E019_exposed_development","c3df0e8a0c1fa8bf25ff9f8311db6e25","zero_shot_active","0.40956109074020564","0.03315888615509266"
"E019_exposed_development","d78397440166bd857f3a71b5dcbfce8e","equal_spacing_interpolation","0.563303926289033","0.5489386204862967"
"E019_exposed_development","d78397440166bd857f3a71b5dcbfce8e","learned_active","0.6177556723439294","0.8088364386931062"
"E019_exposed_development","d78397440166bd857f3a71b5dcbfce8e","learned_equal","1.4229901552186177","1.9453736378446473"
"E019_exposed_development","d78397440166bd857f3a71b5dcbfce8e","learned_variance","0.8434039157206293","1.9024035235083856"
"E019_exposed_development","d78397440166bd857f3a71b5dcbfce8e","path_gp_active","0.29019140932329685","0.22407245240893925"
"E019_exposed_development","d78397440166bd857f3a71b5dcbfce8e","path_gp_variance","0.2923335293123717","0.10276947008324555"
"E019_exposed_development","d78397440166bd857f3a71b5dcbfce8e","random_path_gp","0.5334485577126151","1.3992095983281623"
"E019_exposed_development","d78397440166bd857f3a71b5dcbfce8e","zero_shot_active","0.7197109109005186","0.8088364386931062"
"E019_exposed_development","efee007d46f67a8ab191a4e6910802e5","equal_spacing_interpolation","0.5475657254016063","0.0"
"E019_exposed_development","efee007d46f67a8ab191a4e6910802e5","learned_active","1.302752933272329","0.0"
"E019_exposed_development","efee007d46f67a8ab191a4e6910802e5","learned_equal","0.36964278058902494","0.0"
"E019_exposed_development","efee007d46f67a8ab191a4e6910802e5","learned_variance","0.45274871685300333","0.0"
"E019_exposed_development","efee007d46f67a8ab191a4e6910802e5","path_gp_active","1.5460656729715432","1.098602582118474"
"E019_exposed_development","efee007d46f67a8ab191a4e6910802e5","path_gp_variance","1.980894576398968","0.23366713914171022"
"E019_exposed_development","efee007d46f67a8ab191a4e6910802e5","random_path_gp","1.5594492535261135","0.8004045027047685"
"E019_exposed_development","efee007d46f67a8ab191a4e6910802e5","zero_shot_active","1.30349305009136","0.18214354588286596"
